id,Page,Removed,Pageviews,Unique Pageviews,Avg. Time on Page,Entrances,Bounce Rate,% Exit,Page Value,Name,locality,city,golden,rent,status,tag_as,siteVisitCount
187,/property/187,,884,744,0:02:12,141,60.99%,26.02%,$0.00 ,Bren Avalon,Mahadevpura,bengaluru,0,36000,available,marketplace,14
117,/property/117,,415,379,0:01:05,77,80.52%,29.88%,$0.00 ,Akme Harmony,Bellandur,bengaluru,0,44000,partial,marketplace,6
257,/property/257,,697,646,0:01:22,170,70.59%,38.74%,$0.00 ,Prestige Park View 1112,Whitefield,bengaluru,0,39000,available,managed,4
89,/property/89,,163,137,0:01:30,8,50.00%,17.79%,$0.00 ,Vaswani Reserve,Kadubeesanahalli,bengaluru,1,82000,available,marketplace,4
312,/property/312,,36,31,0:01:10,1,0.00%,22.22%,$0.00 ,Umasri Nivas,HSR Layout,bengaluru,0,80000,available,marketplace,3
103,/property/103,,477,423,0:01:43,175,75.43%,44.03%,$0.00 ,Oceanus Triton,Sarjapur road,bengaluru,0,57000,partial,marketplace,3
26,/property/26,,98,86,0:01:53,6,33.33%,17.35%,$0.00 ,Vars Jacaranda,Mahadevapura,bengaluru,0,32414,available,managed,3
58,/property/58,,273,241,0:01:27,99,65.66%,40.66%,$0.00 ,Sobha Habitech,Whitefield,bengaluru,0,40000,available,marketplace,3
99,/property/99,,171,158,0:01:14,9,77.78%,19.30%,$0.00 ,Maruti Grandeur,Bellandur,bengaluru,0,48000,available,marketplace,3
208,/property/208,,89,81,0:01:06,5,80.00%,20.22%,$0.00 ,Madhav Baugh Society,amanora,pune,0,34000,blocked,marketplace,3
206,/property/206,,"2,424","2,099",0:01:22,"1,801",81.40%,75.37%,$0.00 ,Panduranga Nagar,JP Nagar,bengaluru,0,35000,blocked,managed,3
243,/property/243,,138,117,0:01:35,18,61.11%,24.64%,$0.00 ,Bhartiya City 30710,thanisandra,bengaluru,0,24500,available,marketplace,3
93,/property/93,,514,472,0:01:08,33,60.61%,19.26%,$0.00 ,"SF, Blessings",Koramangala,bengaluru,0,19000,available,marketplace,2
36,/property/36,,621,571,0:02:07,112,78.57%,42.51%,$0.00 ,The Grove,Sarjapur,bengaluru,0,39139,occupied,managed,2
41,/property/41,,426,382,0:01:34,167,76.05%,46.24%,$0.00 ,Future Plaza,Sarjapur Main Road,bengaluru,0,22050,partial,managed,2
178,/property/178,,533,499,0:01:02,36,66.67%,17.45%,$0.00 ,Golden Woods,Sarjapur road,bengaluru,0,60000,available,marketplace,2
40,/property/40,,50,43,0:01:56,3,33.33%,24.00%,$0.00 ,Ganga Alfa Paradise,Wagholi,pune,0,13500,available,marketplace,2
260,/property/260,,279,255,0:01:03,16,56.25%,20.79%,$0.00 ,Suncity Gloria,Sarjapur,bengaluru,0,24000,available,marketplace,2
130,/property/130,,195,175,0:01:16,15,73.33%,23.08%,$0.00 ,Prestige Shantiniketan,Whitefield,bengaluru,0,49000,available,marketplace,2
97,/property/97,,133,122,0:01:18,52,86.54%,47.37%,$0.00 ,Saroj Enclave,HBR Layout,bengaluru,0,33000,partial,marketplace,2
147,/property/147,,208,185,0:01:42,28,46.43%,23.56%,$0.00 ,Max Sunflower,Whitefield,bengaluru,0,37000,available,marketplace,2
119,/property/119,,181,163,0:01:04,12,69.23%,12.15%,$0.00 ,Prestige Ferns Residency T 19,Haralur Road,bengaluru,0,41000,available,marketplace,2
123,/property/123,,64,60,0:01:30,4,75.00%,42.19%,$0.00 ,Goel Geet Ganga,Aundh,pune,0,29000,partial,managed,2
160,/property/160,,107,94,0:01:25,9,66.67%,26.17%,$0.00 ,Prestige Park View,WHitefield,bengaluru,0,47000,available,marketplace,2
218,/property/218,,292,266,0:00:50,21,76.19%,20.89%,$0.00 ,Keerthi Signature,whitefield,bengaluru,0,43000,partial,marketplace,2
143,/property/143,,119,102,0:02:09,19,47.37%,23.53%,$0.00 ,Prestige Park View,Whitefeld,bengaluru,0,48000,partial,marketplace,2
179,/property/179,,466,424,0:01:07,268,76.87%,58.58%,$0.00 ,Kumar Picasso E1,Hadapsar,pune,0,38000,partial,marketplace,2
182,/property/182,,309,278,0:01:18,37,75.68%,29.13%,$0.00 ,Ferns City,Mahadevpura,bengaluru,0,75000,partial,marketplace,2
239,/property/239,,345,311,0:01:27,87,73.56%,39.42%,$0.00 ,Sri Tirumala Sarovar K06,Singasandra,bengaluru,0,30100,partial,marketplace,2
274,/property/274,,48,40,0:03:52,7,42.86%,35.42%,$0.00 ,Nitesh Central Park,Bagalur,bengaluru,0,25000,available,marketplace,2
303,/property/303,,37,32,0:00:36,3,100.00%,32.43%,$0.00 ,Sobha Dream Acres Apartments,Panathur,bengaluru,0,25000,available,marketplace,2
25,/property/25,,39,35,0:00:38,0,0.00%,10.26%,$0.00 ,NR Springwoods,Manyata Tech Park,bengaluru,0,23031,occupied,managed,1
34,/property/34,,30,28,0:00:37,5,60.00%,26.67%,$0.00 ,"DLF Maiden Heights A-11, Electronic City",Electronic City,bengaluru,0,29700,blocked,marketplace,1
35,/property/35,,20,18,0:01:34,1,100.00%,30.00%,$0.00 ,DLF Maiden Heights,Electronic City,bengaluru,0,29700,available,marketplace,1
272,/property/272,,196,165,0:01:02,87,66.67%,46.43%,$0.00 ,Ricmond Pride,Electronic City,bengaluru,0,22000,available,marketplace,1
46,/property/46,,54,48,0:00:39,5,60.00%,29.63%,$0.00 ,Aishwarya Opulence,Marathalli,bengaluru,0,38587,available,managed,1
9,/property/9,,31,28,0:00:55,6,66.67%,41.94%,$0.00 ,Springfields,Sarjapur Main Road,bengaluru,0,23590,blocked,managed,1
3,/property/3,,78,74,0:01:03,1,0.00%,14.10%,$0.00 ,Raheja Residency,Koramangala,bengaluru,0,42469,available,managed,1
95,/property/95,,565,538,0:00:38,24,75.00%,19.47%,$0.00 ,ST BED,Ejipura,bengaluru,0,10900,available,marketplace,1
98,/property/98,,118,108,0:01:19,16,68.75%,34.75%,$0.00 ,Sobha City,Thanisandra,bengaluru,0,42000,available,marketplace,1
37,/property/37,,402,354,0:01:48,265,81.51%,66.42%,$0.00 ,The Grove,Sarjapur,bengaluru,0,51818,occupied,managed,1
104,/property/104,,193,180,0:01:00,11,72.73%,18.65%,$0.00 ,Chartered Samskruti,Banerghatta,bengaluru,0,31000,available,marketplace,1
204,/property/204,,60,56,0:01:04,6,66.67%,18.33%,$0.00 ,80 Trees Surya Shakti,Bellandur,bengaluru,0,39000,occupied,marketplace,1
125,/property/125,,163,153,0:00:45,9,77.78%,22.09%,$0.00 ,Malnad Arcade,kaggadaspura main road,bengaluru,0,18600,occupied,managed,1
278,/property/278,,294,285,0:01:13,22,36.36%,24.15%,$0.00 ,Parnakuti,Koramangala,bengaluru,0,90000,available,marketplace,1
81,/property/81,,101,94,0:00:41,4,100.00%,13.86%,$0.00 ,Golden Corner,Sarjapur Road,bengaluru,0,38000,partial,marketplace,1
136,/property/136,,30,29,0:00:49,0,0.00%,26.67%,$0.00 ,Esteem Enclave,Banerghatta Road,bengaluru,0,45000,partial,marketplace,1
141,/property/141,,120,116,0:00:38,4,75.00%,19.17%,$0.00 ,Mount N Glory,Kharadi,pune,0,43000,available,marketplace,1
85,/property/85,,50,48,0:00:49,0,0.00%,24.00%,$0.00 ,Prestige Park View,Whitefield,bengaluru,0,52000,available,marketplace,1
149,/property/149,,32,32,0:00:49,2,100.00%,15.62%,$0.00 ,Gulmohar Galaxy,Viman Nagar,pune,0,79000,blocked,marketplace,1
150,/property/150,,278,255,0:01:09,106,75.47%,52.52%,$0.00 ,Jasmanium F1,Magarpatta City,pune,0,47000,available,marketplace,1
134,/property/134,,529,272,0:00:18,64,37.50%,13.99%,$0.00 ,Ambedkar Nagar Villa,Whitefield,bengaluru,0,37000,blocked,marketplace,1
267,/property/267,,90,87,0:00:56,7,85.71%,32.22%,$0.00 ,Omega Paradise - 602,wakad,pune,0,35000,partial,marketplace,1
157,/property/157,,31,27,0:00:46,1,100.00%,22.58%,$0.00 ,Jasmanium G1,Magarpatta City,pune,0,47000,partial,marketplace,1
158,/property/158,,107,100,0:00:58,2,50.00%,21.50%,$0.00 ,Emerald Residency,Viman Nagar,pune,0,38000,occupied,managed,1
159,/property/159,,246,225,0:01:48,23,65.22%,33.74%,$0.00 ,Vars Casa Verde,1st main Pai Layout,bengaluru,0,30000,available,marketplace,1
152,/property/152,,73,61,0:00:37,5,20.00%,16.44%,$0.00 ,Keerthi Signature,Whitefield,bengaluru,0,40000,available,marketplace,1
129,/property/129,,51,48,0:01:47,12,100.00%,37.25%,$0.00 ,Kristal Jasper Park,Sarjapur road,bengaluru,0,42000,partial,marketplace,1
318,/property/318,,11,9,0:01:20,1,0.00%,9.09%,$0.00 ,Future Plaza,Sarjapur Main Road,bengaluru,0,30000,available,marketplace,1
174,/property/174,,15,15,0:00:10,3,66.67%,26.67%,$0.00 ,Prestige Ivy Terraces,Kadubeesanahalli,bengaluru,0,30000,blocked,marketplace,1
177,/property/177,,22,21,0:01:14,0,0.00%,22.73%,$0.00 ,Agastya Guru Palatia,Whitefield,bengaluru,0,0,available,marketplace,1
216,/property/216,,48,42,0:00:31,7,85.71%,31.25%,$0.00 ,"Daffodils, Magarpatta",Magarpatta,pune,0,28500,partial,marketplace,1
186,/property/186,,157,145,0:00:46,13,76.92%,16.56%,$0.00 ,Prestige Ivy Terraces,Kadubeesanahalli,bengaluru,0,46000,occupied,marketplace,1
194,/property/194,,216,194,0:01:32,46,84.78%,42.13%,$0.00 ,Fortune House,Kharadi,pune,0,19000,partial,marketplace,1
196,/property/196,,25,21,0:00:47,2,0.00%,4.00%,$0.00 ,Fortune House 1 bhk,Kharadi,pune,0,15000,blocked,marketplace,1
230,/property/230,,48,44,0:00:41,1,0.00%,22.92%,$0.00 ,Q-Homes,kharadi,pune,0,44000,available,marketplace,1
316,/property/316,,86,74,0:01:04,6,83.33%,27.91%,$0.00 ,Ganga Orchard,Koregaon Park Annex,pune,0,52000,available,managed,1
214,/property/214,,30,29,0:00:32,0,0.00%,23.33%,$0.00 ,Krishna Mystiq,Basapura,bengaluru,0,24000,occupied,marketplace,1
290,/property/290,,80,73,0:01:09,9,77.78%,27.50%,$0.00 ,Prestige Park View,Whitefield,bengaluru,0,30000,occupied,managed,1
224,/property/224,,463,425,0:01:13,39,66.67%,25.27%,$0.00 ,RR Residency,HSR Layout,bengaluru,0,46000,available,marketplace,1
231,/property/231,,125,111,0:01:46,7,71.43%,25.60%,$0.00 ,Ganga Orchards,mundhwa,pune,0,30000,partial,marketplace,1
234,/property/234,,283,237,0:00:33,12,75.00%,17.67%,$0.00 ,"JP Nagar Building No.408 , 1F",Jp Nagar 4th Phase,bengaluru,0,22000,partial,marketplace,1
237,/property/237,,878,757,0:01:39,593,78.75%,68.22%,$0.00 ,JP Nagar Building No.408 4F,Jp Nagar 4th Phase,bengaluru,0,22000,available,marketplace,1
238,/property/238,,630,573,0:01:37,365,80.27%,61.43%,$0.00 ,Krishna Mystiq,Basapura,bengaluru,0,24000,available,marketplace,1
282,/property/282,,140,115,0:01:12,15,46.67%,22.14%,$0.00 ,Shriram Summitt,Electronic City,bengaluru,0,28000,available,marketplace,1
258,/property/258,,220,199,0:01:47,114,80.70%,60.00%,$0.00 ,Bandhan Apartment,Kumaraswamy Layout,bengaluru,0,22000,available,marketplace,1
259,/property/259,,100,87,0:02:45,54,74.07%,56.00%,$0.00 ,Jayanagar 7th Block,Jayanagar 7th Block,bengaluru,0,40000,blocked,marketplace,1
261,/property/261,,457,397,0:02:12,285,77.89%,63.68%,$0.00 ,"Prestige Lakeside Habitat , 7225",Gunjur Village,bengaluru,0,30000,available,marketplace,1
264,/property/264,,468,421,0:01:59,302,76.82%,65.60%,$0.00 ,Prestige Casa Bella,Vittasandra,bengaluru,0,32000,available,marketplace,1
265,/property/265,,125,119,0:01:21,4,75.00%,24.00%,$0.00 ,Godrej Woodsman Estate,Hebbal,bengaluru,0,38000,partial,managed,1
288,/property/288,,100,87,0:01:24,16,68.75%,30.00%,$0.00 ,Prestige Sunrise Park Birchwood,Electronic City,bengaluru,0,25000,available,marketplace,1
270,/property/270,,376,332,0:01:59,198,78.28%,58.78%,$0.00 ,Reliaable Lifestyle Layout,Harlur,bengaluru,0,39000,available,marketplace,1
275,/property/275,,132,126,0:00:34,12,75.00%,25.00%,$0.00 ,Dollars Height,Lotte Golla Halli,bengaluru,0,40000,available,marketplace,1
276,/property/276,,14,14,0:00:24,7,28.57%,42.86%,$0.00 ,Prestige Lakeside Habitat,Varthur,bengaluru,0,50000,blocked,marketplace,1
277,/property/277,,244,228,0:01:06,11,54.55%,22.13%,$0.00 ,Salarpuria Sattva Greenage,Hosur Road,bengaluru,0,60000,partial,marketplace,1
286,/property/286,,118,107,0:01:43,12,83.33%,24.58%,$0.00 ,Monalisa Apartments,Vivek Nagar,bengaluru,0,26000,available,marketplace,1
291,/property/291,,322,264,0:00:59,20,70.00%,20.50%,$0.00 ,Aakruthi Silverline,HSR Layout,bengaluru,0,23000,occupied,managed,1
300,/property/300,,10,10,0:00:18,2,100.00%,40.00%,$0.00 ,"101,Sahakarnagar",Sahakar Nagar,bengaluru,0,25000,available,marketplace,1
293,/property/293,,63,55,0:01:43,7,100.00%,25.40%,$0.00 ,Samruddhi Bright Homes,Brookefield,bengaluru,0,46200,available,marketplace,1
314,/property/314,,17,13,0:01:15,1,100.00%,23.53%,$0.00 ,Skyline Beverly Park,Amruthahalli,bengaluru,0,40000,available,marketplace,1
1,/property/1,,1,1,0:00:01,0,0.00%,0.00%,$0.00 ,"VS Willows, Ulsoor",Ulsoor,bengaluru,0,31800,blocked,managed,0
7,/property/7,,3,3,0:00:21,0,0.00%,0.00%,$0.00 ,"Mulberry Meadows Villa, Devanahalli",Devanahalli,bengaluru,0,30900,occupied,managed,0
30,/property/30,,21,20,0:00:40,1,100.00%,14.29%,$0.00 ,Confident Bellatrix,Thyvakanahally,bengaluru,0,35000,blocked,marketplace,0
38,/property/38,,50,45,0:01:31,4,25.00%,32.00%,$0.00 ,NR Springwoods,Manyata Tech Park,bengaluru,0,26460,partial,managed,0
66,/home#/property/66,,4,4,0:00:00,3,100.00%,100.00%,$0.00 ,Shanders Alta Vista (F1),Electronics City Phase 1,bengaluru,0,54000,blocked,marketplace,0
80,/property/80,,73,67,0:00:49,3,33.33%,16.44%,$0.00 ,ND Gipfel,Bannerghatta Road,bengaluru,0,28000,occupied,marketplace,0
88,/property/88,,216,89,<00:00:01,65,3.08%,8.33%,$0.00 ,Fountain Life,C V Raman Nagar,bengaluru,0,38000,blocked,marketplace,0
90,/property/90,,159,152,0:01:14,4,50.00%,22.64%,$0.00 ,VS Willows,Ulsoor,bengaluru,0,33863,occupied,managed,0
96,/property/96,,5,5,0:00:04,4,0.00%,0.00%,$0.00 ,Prestige Ferns Residency,Haralur Road,bengaluru,0,35000,blocked,marketplace,0
137,/property/137,,94,88,0:01:14,6,33.33%,25.53%,$0.00 ,Blessings Studio,Koramangla 2nd block,bengaluru,0,18000,blocked,marketplace,0
28,/property/28,,57,54,0:00:27,1,0.00%,17.54%,$0.00 ,Salarpuria Senorita - Adela,Sarjapur Main Road,bengaluru,0,43000,partial,managed,0
161,/property/161,,2,2,0:00:00,0,0.00%,0.00%,$0.00 ,Sarjapur Building - 44,sarjapur,bengaluru,0,13500,blocked,marketplace,0
162,/property/162,,2,2,0:00:00,1,0.00%,0.00%,$0.00 ,Sarjapur Building - 44,sarjapur,bengaluru,0,13500,blocked,marketplace,0
163,/property/163,,2,2,0:00:00,0,0.00%,0.00%,$0.00 ,Sarjapur Building - 44,sarjapur,bengaluru,0,12500,blocked,marketplace,0
164,/property/164,,1,1,0:00:00,1,0.00%,0.00%,$0.00 ,Sarjapur Building - 44,sarjapur,bengaluru,0,12500,blocked,marketplace,0
165,/property/165,,2,2,0:00:00,0,0.00%,0.00%,$0.00 ,Sarjapur Building - 44,sarjapur,bengaluru,0,12500,blocked,marketplace,0
166,/property/166,,2,2,0:00:00,0,0.00%,0.00%,$0.00 ,Sarjapur Building - 44,sarjapur,bengaluru,0,12000,blocked,marketplace,0
167,/property/167,,2,2,0:00:00,1,0.00%,0.00%,$0.00 ,Sarjapur Building - 44,sarjapur,bengaluru,0,13000,blocked,marketplace,0
154,/property/154,,49,48,0:00:48,1,100.00%,30.61%,$0.00 ,Omega Paradise H Building,Wakad,pune,0,34000,partial,marketplace,0
127,/property/127,,231,221,0:01:03,10,60.00%,22.51%,$0.00 ,Vandana Elite,Koramangala,bengaluru,0,48000,partial,marketplace,0
168,/property/168,,2,2,0:00:00,0,0.00%,0.00%,$0.00 ,Sarjapur Building - 44,sarjapur,bengaluru,0,13000,blocked,marketplace,0
145,/property/145,,50,47,0:00:43,0,0.00%,12.00%,$0.00 ,Kumar Picasso E2,Hadapsar,pune,0,38000,available,marketplace,0
181,/property/181,,1,1,0:00:00,0,0.00%,0.00%,$0.00 ,Emerald Sukhwani,Magarpatta City,pune,0,59000,blocked,marketplace,0
10,/property/10,,128,119,0:01:03,2,0.00%,21.09%,$0.00 ,Vars Jacaranda,Mahadevapura,bengaluru,0,34729,occupied,managed,0
188,/property/188,,5,5,0:01:00,0,0.00%,0.00%,$0.00 ,Blueridge,Hinjewadi,pune,0,17000,occupied,marketplace,0
185,/property/185,,2,2,0:00:14,0,0.00%,0.00%,$0.00 ,Jasmanium Q1,Magarpatta City,pune,0,45000,blocked,marketplace,0
191,/property/191,,1,1,0:00:00,0,0.00%,100.00%,$0.00 ,Fortune House 1 bhk,Kharadi,pune,0,16000,blocked,marketplace,0
195,/property/195,,61,58,0:00:32,15,80.00%,34.43%,$0.00 ,Fortune House,Kharadi,pune,0,16000,blocked,marketplace,0
102,/property/102,,15,14,0:00:27,1,0.00%,20.00%,$0.00 ,"Adarsh Palm Retreat, T 7",Bellandur,bengaluru,0,53700,blocked,marketplace,0
142,/property/142,,479,178,0:00:01,41,0.00%,5.22%,$0.00 ,Amanora Aspire Tower7,Amanora,pune,0,40000,blocked,marketplace,0
197,/property/197,,20,20,0:00:10,10,50.00%,40.00%,$0.00 ,Fortune House 2 bhk,Kharadi,pune,0,22000,blocked,marketplace,0
212,/property/212,,22,22,0:00:59,0,0.00%,18.18%,$0.00 ,Park Infinia,Phurusngi,pune,0,21000,blocked,marketplace,0
211,/property/211,,6,6,0:01:06,0,0.00%,0.00%,$0.00 ,Beryl,Kharadi,pune,0,0,available,marketplace,0
189,/property/189,,1,1,0:05:57,0,0.00%,0.00%,$0.00 ,Sylvania,Magarpatta,pune,0,47000,available,marketplace,0
172,/property/172,,12,10,0:02:14,0,0.00%,25.00%,$0.00 ,Omega Paradise I-702,Wakad,pune,0,42000,occupied,marketplace,0
228,/property/228,,147,136,0:00:55,12,66.67%,20.41%,$0.00 ,Royal residency layout 105,Akshay Nagar,bengaluru,0,29000,available,marketplace,0
213,/property/213,,38,36,0:00:52,0,0.00%,21.05%,$0.00 ,Fortune House 2bhk,Kharadi,pune,0,30000,partial,marketplace,0
232,/property/232,,8,8,0:00:16,1,100.00%,12.50%,$0.00 ,JP Nagar Building No.408 GF,Jp Nagar 4th Phase,bengaluru,0,15000,occupied,marketplace,0
235,/property/235,,92,90,0:00:38,7,100.00%,21.74%,$0.00 ,JP Nagar Building No.408 2F,Jp Nagar 4th Phase,bengaluru,0,22000,partial,marketplace,0
236,/property/236,,38,38,0:03:35,4,100.00%,39.47%,$0.00 ,JP Nagar Building No.408 3F,Jp Nagar 4th Phase,bengaluru,0,22000,occupied,marketplace,0
240,/property/240,,84,78,0:02:41,31,80.65%,46.43%,$0.00 ,Sri Tirumala Sarovar K02,Singasandra,bengaluru,0,34400,available,marketplace,0
241,/property/241,,233,227,0:03:34,137,92.70%,67.81%,$0.00 ,Sri Tirumala Sarovar K106,Singasandra,bengaluru,0,30100,partial,marketplace,0
244,/property/244,,23,23,0:01:18,3,33.33%,17.39%,$0.00 ,Bhartiya City 30713,thanisandra,bengaluru,0,25500,occupied,marketplace,0
245,/property/245,,17,17,0:00:27,5,100.00%,41.18%,$0.00 ,Purva Panorama,Bannerghatta,bengaluru,0,23500,occupied,managed,0
246,/property/246,,126,50,0:00:02,29,6.90%,7.14%,$0.00 ,Godrej Woodsman Estate,Hebbal,bengaluru,0,47000,blocked,marketplace,0
247,/property/247,,70,65,0:01:54,40,82.50%,57.14%,$0.00 ,Unicca Emporis,Varthur,bengaluru,0,27000,occupied,marketplace,0
248,/property/248,,78,74,0:00:49,8,50.00%,20.51%,$0.00 ,WASAN SPRING,Behind Inorbit mall,pune,0,21000,occupied,managed,0
250,/property/250,,1,1,0:00:00,0,0.00%,0.00%,$0.00 ,Savanna,Wagholi,pune,0,14000,blocked,marketplace,0
251,/property/251,,8,1,0:00:00,0,0.00%,0.00%,$0.00 ,House of Hiranandhani,Devanahalli,bengaluru,0,20000,blocked,marketplace,0
252,/property/252,,5,5,<00:00:01,1,0.00%,0.00%,$0.00 ,Citadel Enclave,B.T Kawde road,pune,0,19000,blocked,marketplace,0
253,/property/253,,1,1,0:00:00,1,0.00%,0.00%,$0.00 ,Guru Datta Hsg. Society,Kharadi,pune,0,22000,blocked,marketplace,0
254,/property/254,,5,5,0:00:26,3,0.00%,0.00%,$0.00 ,Sarthak Keshav Society,Wagholi,pune,0,9000,blocked,marketplace,0
256,/property/256,,6,6,0:00:00,3,0.00%,16.67%,$0.00 ,Palm Groves,B.T Kawde road,pune,0,40000,blocked,marketplace,0
2,/property/2,,1,1,0:00:00,0,0.00%,100.00%,$0.00 ,"SV Mayfair, Nallurahalli Main Rd blocked",Whitefield,bengaluru,0,12000,blocked,managed,0
169,/property/169,,2,2,0:00:00,1,0.00%,0.00%,$0.00 ,Sarjapur Building - 44,sarjapur,bengaluru,0,11000,blocked,marketplace,0
262,/property/262,,85,77,0:01:47,32,90.62%,49.41%,$0.00 ,"Prestige Lakeside Habitat , 7226",Gunjur Village,bengaluru,0,30000,available,marketplace,0
263,/property/263,,78,64,0:00:58,22,54.55%,38.46%,$0.00 ,"Parimala Sunridge , C 324",Brookefield,bengaluru,0,40000,blocked,marketplace,0
219,/property/219,,2,2,0:00:00,2,0.00%,0.00%,$0.00 ,Kalpataru Harmony,Wakad,pune,0,22000,blocked,marketplace,0
268,/property/268,,22,21,0:00:42,0,0.00%,27.27%,$0.00 ,Viva Icon,Hinjewadi,pune,0,16500,occupied,marketplace,0
271,/property/271,,27,23,0:00:37,9,66.67%,55.56%,$0.00 ,Sobha Petunia,Thanisandra,bengaluru,0,85000,blocked,marketplace,0
33,/property/33,,2,2,0:00:26,0,0.00%,0.00%,$0.00 ,"DLF Maiden Heights A-9, Electronic City",Electronic City,bengaluru,0,29700,blocked,marketplace,0
273,/property/273,,27,26,0:01:09,4,25.00%,25.93%,$0.00 ,Candeur Rise,Varthur,bengaluru,0,28000,blocked,marketplace,0
173,/property/173,,2,1,0:01:27,0,0.00%,0.00%,$0.00 ,Raheja Residency Car Park,Koramangala,bengaluru,0,2500,available,marketplace,0
279,/property/279,,11,9,0:01:35,0,0.00%,9.09%,$0.00 ,Shyam Residency,Doddakamanhalli,bengaluru,0,477000,occupied,marketplace,0
280,/property/280,,6,6,0:00:30,0,0.00%,16.67%,$0.00 ,Aragini Comforts,Hulimavu,bengaluru,0,530000,available,marketplace,0
281,/property/281,,82,65,0:02:24,13,84.62%,29.27%,$0.00 ,Shyam In,VV Puram,bengaluru,0,675000,occupied,marketplace,0
249,/property/249,,31,31,0:01:47,8,75.00%,41.94%,$0.00 ,Godrej E-City,Electronic City,bengaluru,0,23220,occupied,managed,0
283,/property/283,,15,13,0:02:58,5,20.00%,33.33%,$0.00 ,Meva House,JP Nagar,bengaluru,0,22000,blocked,managed,0
266,/property/266,,13,12,0:01:52,4,75.00%,46.15%,$0.00 ,"Prime City , G-09",Electronic City,bengaluru,0,33000,blocked,marketplace,0
285,/property/285,,13,11,0:00:30,3,33.33%,30.77%,$0.00 ,Confident Bellatrix,Thyvakanahally,bengaluru,0,3000,occupied,managed,0
105,/property/105,,13,13,0:00:49,0,0.00%,38.46%,$0.00 ,Prestige Park View,Whitefield,bengaluru,0,38850,occupied,managed,0
284,/property/284,,58,52,0:01:03,7,100.00%,31.03%,$0.00 ,Infrany Petals,Electronic City,bengaluru,0,13100,occupied,managed,0
289,/property/289,,17,16,0:00:39,2,0.00%,17.65%,$0.00 ,Hiranandani Club Meadows,Bannerghatta,bengaluru,0,45000,blocked,marketplace,0
287,/property/287,,72,66,0:01:33,12,83.33%,30.56%,$0.00 ,SNSY Arcade,Whitefield,bengaluru,0,23000,available,marketplace,0
294,/property/294,,49,46,0:01:22,15,80.00%,42.86%,$0.00 ,Mantri Residency,Bannerghatta,bengaluru,0,34000,occupied,managed,0
292,/property/292,,34,30,0:00:46,6,16.67%,32.35%,$0.00 ,Krishnakrupa,Sahakar Nagar,bengaluru,0,40000,available,marketplace,0
295,/property/295,,12,12,0:00:34,1,0.00%,25.00%,$0.00 ,"202,Sahakarnagar",Sahakar Nagar,bengaluru,0,25000,available,marketplace,0
296,/property/296,,10,7,0:04:08,2,50.00%,20.00%,$0.00 ,"102,Sahakarnagar",Sahakar Nagar,bengaluru,0,25000,available,marketplace,0
297,/property/297,,6,6,0:00:18,1,100.00%,16.67%,$0.00 ,"302,Sahakarnagar",Sahakar Nagar,bengaluru,0,25000,available,marketplace,0
298,/property/298,,9,9,0:00:33,1,100.00%,33.33%,$0.00 ,"301,Sahakarnagar",Sahakar Nagar,bengaluru,0,25000,available,marketplace,0
299,/property/299,,6,6,0:02:44,1,100.00%,33.33%,$0.00 ,"201,Sahakarnagar",Sahakar Nagar,bengaluru,0,25000,available,marketplace,0
301,/property/301,,10,9,0:00:39,1,100.00%,20.00%,$0.00 ,Orchid Woods,Brookefield,bengaluru,0,50000,available,marketplace,0
302,/property/302,,17,17,0:03:50,3,66.67%,52.94%,$0.00 ,Orchid Woods,Brookefield,bengaluru,0,50000,available,marketplace,0
304,/property/304,,7,7,0:00:21,1,100.00%,42.86%,$0.00 ,Aratt Firenza,Electronic City,bengaluru,0,25000,available,marketplace,0
305,/property/305,,3,3,0:00:00,1,100.00%,100.00%,$0.00 ,Sobha Suncrest,Kanakapura,bengaluru,0,35000,available,marketplace,0
306,/property/306,,4,4,0:00:24,0,0.00%,25.00%,$0.00 ,Shyam Stay Lakeview,Doddakammanahalli,bengaluru,0,408000,occupied,marketplace,0
309,/property/309,,20,19,0:00:35,1,100.00%,5.00%,$0.00 ,Venkatesh Appartment,Baner,pune,0,39000,available,marketplace,0
310,/property/310,,13,13,0:00:42,3,66.67%,38.46%,$0.00 ,Majestique Aqua 2BHK,Fursungi,pune,0,18000,available,marketplace,0
311,/property/311,,8,8,0:01:00,1,100.00%,50.00%,$0.00 ,Unnati GH,Income Tax Layout,bengaluru,0,53000,available,marketplace,0
8,/property/8,,65,64,0:00:57,0,0.00%,18.46%,$0.00 ,Purva Sunshine,HSR Layout,bengaluru,0,26000,occupied,managed,0
313,/property/313,,13,13,0:00:22,1,0.00%,23.08%,$0.00 ,Skyline Beverly Park,Amruthahalli,bengaluru,0,40000,available,marketplace,0
209,/property/209,,29,27,0:00:37,0,0.00%,13.79%,$0.00 ,Ganga Orchid,Koregaon Park Ext,pune,0,44000,blocked,marketplace,0
315,/property/315,,26,5,0:00:27,2,0.00%,3.85%,$0.00 ,Ganga Orchard,Koregaon Park Annex,pune,0,52000,blocked,managed,0
317,/property/317,,4,3,0:00:10,0,0.00%,25.00%,$0.00 ,Godrej E-City,Electronic City,bengaluru,0,25000,available,marketplace,0
170,/property/170,,2,2,0:00:00,1,0.00%,0.00%,$0.00 ,Sarjapur Building - 44,sarjapur,bengaluru,0,14500,blocked,marketplace,0
380,/property/380,,2,1,0:00:38,0,0.00%,0.00%,$0.00 ,,,,,,,,0
