id,name,property_id,sqftsuper,image,images,type,sharetype,rent,parkingcharges,deposite,maintenance,status,availablebed,totalbed,availfrom,availto,windowstyle,iswindowmesh,details,parking_number,created_at,updated_at,tenure,windows,plugpoints,lights,tubelights,fans,showbulbs,balconylights,commpercentage,tds
1,"Room 1",1,120,0,,single,0,9900,0,30000,0,occupied,0,1,2016-06-01,2017-07-07,normal,no,,NULL,"2016-04-15 22:49:51","2017-03-10 03:02:10",6,NULL,NULL,NULL,NULL,NULL,NULL,NULL,0.00,NULL
2,"Room 2",1,120,0,,single,0,9900,0,30000,0,occupied,0,1,2016-05-01,2017-05-01,normal,no,NA,NULL,"2016-04-15 22:49:51","2017-03-10 03:02:10",6,NULL,NULL,NULL,NULL,NULL,NULL,NULL,0.00,NULL
3,"Room 3",1,120,0,,single,0,12000,0,36000,0,occupied,0,1,2016-05-01,2017-05-01,normal,no,NA,NULL,"2016-04-15 22:49:51","2017-03-10 03:02:10",6,NULL,NULL,NULL,NULL,NULL,NULL,NULL,0.00,NULL
7,"Room 1",3,168,0,,single,0,24900,0,74700,0,occupied,0,1,2016-05-01,2017-05-01,normal,no,,NULL,"2016-04-15 22:49:51","2017-12-15 11:34:23",6,NULL,NULL,NULL,NULL,NULL,NULL,NULL,0.00,NULL
8,"Room 2",3,168,0,,single,0,22400,0,67200,0,occupied,0,1,2016-05-01,2017-05-01,normal,no,,NULL,"2016-04-15 22:49:51","2017-02-22 13:44:27",6,NULL,NULL,NULL,NULL,NULL,NULL,NULL,0.00,NULL
10,"Room 1",4,154,0,,single,0,9900,0,30000,0,occupied,0,1,2016-05-01,2017-05-01,normal,yes,,NULL,"2016-04-15 22:49:51","2016-11-04 06:46:03",6,NULL,NULL,NULL,NULL,NULL,NULL,NULL,0.00,NULL
11,"Room 2",4,154,0,,single,0,9900,0,30000,0,occupied,0,1,2016-05-01,2017-05-01,normal,yes,,NULL,"2016-04-15 22:49:51","2016-11-04 06:46:03",6,NULL,NULL,NULL,NULL,NULL,NULL,NULL,0.00,NULL
12,"Room 3",4,168,0,,single,0,12400,0,39000,0,occupied,0,1,2016-05-01,2017-05-01,normal,yes,,NULL,"2016-04-15 22:49:51","2016-11-04 06:46:03",6,NULL,NULL,NULL,NULL,NULL,NULL,NULL,0.00,NULL
13,"Room 1",5,168,0,,single,0,18900,0,56700,0,occupied,0,1,2016-05-01,2017-05-01,normal,yes,,NULL,"2016-04-15 22:49:51","2017-07-30 02:49:37",6,NULL,NULL,NULL,NULL,NULL,NULL,NULL,0.00,NULL
14,"Room 2",5,168,0,,single,0,17900,0,53700,0,occupied,0,1,2016-05-01,2017-05-01,normal,yes,,NULL,"2016-04-15 22:49:51","2017-08-12 10:32:59",6,NULL,NULL,NULL,NULL,NULL,NULL,NULL,0.00,NULL
15,"Room 3",5,168,0,,single,0,19900,0,59700,0,occupied,0,1,2017-03-15,2018-03-14,normal,yes,"Fully Furnished with wardrobes â€“ Area (168 sft) + Attached Bathroom + Shared living room and kitchen.",NULL,"2016-04-15 22:49:51","2018-02-28 20:41:30",6,NULL,NULL,NULL,NULL,NULL,NULL,NULL,0.00,NULL
16,"Room 1",6,168,0,,single,0,19900,1500,59700,0,occupied,0,1,2017-03-01,2017-10-14,normal,yes,"20% inconvenience fee  if rental is for 3 months.",NULL,NULL,"2017-12-15 11:40:13",6,NULL,NULL,NULL,NULL,NULL,NULL,NULL,0.00,NULL
17,"Room 2",6,168,0,,single,0,18900,1500,56700,0,occupied,0,1,2017-03-01,2017-10-14,normal,yes,"20% inconvenience fee  if rental is for 3 months.",NULL,NULL,"2018-01-20 03:13:12",6,NULL,NULL,NULL,NULL,NULL,NULL,NULL,0.00,NULL
18,"Room 3",6,168,0,,single,0,18900,0,56700,0,occupied,0,1,2017-03-01,2017-10-14,normal,yes,"20% inconvenience fee  if rental is for 3 months.",NULL,NULL,"2017-12-15 11:40:13",6,NULL,NULL,NULL,NULL,NULL,NULL,NULL,0.00,NULL
21,"Room 1",7,208,0,,single,0,9900,0,29700,0,occupied,0,1,2016-04-01,2017-10-06,french,no,"5% discount if rental is for 11 months, 20% inconvenience fee  if rental is for 3 months.",NULL,NULL,"2018-06-09 12:16:49",6,NULL,NULL,NULL,NULL,NULL,NULL,NULL,0.00,0.00
22,"Room 2",7,193,0,,single,0,9900,0,29700,0,occupied,0,1,2016-04-01,2017-10-06,french,no,"5% discount if rental is for 11 months, 20% inconvenience fee  if rental is for 3 months.",NULL,NULL,"2018-06-09 12:16:49",6,NULL,NULL,NULL,NULL,NULL,NULL,NULL,0.00,0.00
23,"Room 3",7,186,0,,single,0,9900,0,29700,0,occupied,0,1,2016-04-01,2017-10-06,french,no,"5% discount if rental is for 11 months, 20% inconvenience fee  if rental is for 3 months.",NULL,NULL,"2018-06-09 12:16:49",6,NULL,NULL,NULL,NULL,NULL,NULL,NULL,0.00,0.00
24,"Room 4",7,168,0,,single,0,9900,0,29700,0,occupied,0,1,2016-04-01,2017-10-06,french,no,"5% discount if rental is for 11 months, 20% inconvenience fee  if rental is for 3 months.",NULL,NULL,"2018-06-09 12:16:49",6,NULL,NULL,NULL,NULL,NULL,NULL,NULL,0.00,0.00
25,"Room 1",8,168,0,,single,0,13250,0,50000,0,occupied,0,1,2018-03-01,2019-03-01,normal,no," 5% reduction in rent if committed for 6 months, 10% reduction in rent for commitment of 11 months",NULL,NULL,"2018-06-09 12:07:17",36,NULL,NULL,NULL,NULL,NULL,NULL,NULL,0.00,0.00
26,"Room 2",8,168,0,,single,0,13250,0,50000,0,occupied,0,1,2018-03-01,2019-03-01,normal,no," 5% reduction in rent if committed for 6 months, 10% reduction in rent for commitment of 11 months",NULL,NULL,"2018-06-09 12:07:17",36,NULL,NULL,NULL,NULL,NULL,NULL,NULL,0.00,0.00
27,"Room 1",9,168,0,,single,0,19000,0,57000,0,occupied,0,1,2016-06-01,2017-06-01,normal,no," 5% if rental is for 6 months, 10%  if rental is for 11 months.",NULL,NULL,"2018-02-05 21:11:27",6,NULL,NULL,NULL,NULL,NULL,NULL,NULL,0.00,NULL
28,"Room 2",9,168,0,,single,0,19000,0,57000,0,occupied,0,1,2016-06-01,2017-06-01,normal,no," 5% if rental is for 6 months, 10%  if rental is for 11 months.",NULL,NULL,"2018-02-05 21:11:27",6,NULL,NULL,NULL,NULL,NULL,NULL,NULL,0.00,NULL
29,"Room 1",10,143,0,,single,0,12500,0,37500,0,available,1,1,2016-04-01,2017-07-21,normal,yes,,NULL,NULL,"2018-05-22 17:21:16",6,NULL,NULL,NULL,NULL,NULL,NULL,NULL,0.00,0.00
30,"Room 2",10,143,0,,single,0,13900,0,41700,0,occupied,0,1,2016-04-01,2017-07-21,normal,yes,"Master Bed-Room",NULL,NULL,"2018-05-22 17:21:16",6,NULL,NULL,NULL,NULL,NULL,NULL,NULL,0.00,0.00
31,"Room 3",10,169,0,,shared,0,7500,0,22500,0,available,1,1,2016-04-01,2017-07-21,normal,yes,,NULL,NULL,"2018-05-22 17:21:16",6,NULL,NULL,NULL,NULL,NULL,NULL,NULL,0.00,0.00
32,"Room 1",11,110,0,,single,0,9900,0,29700,0,occupied,0,1,2016-05-01,2017-07-11,normal,yes,,NULL,NULL,"2017-02-18 19:16:22",6,NULL,NULL,NULL,NULL,NULL,NULL,NULL,0.00,NULL
33,"Room 2",11,155,0,,single,0,10900,0,32700,0,occupied,0,1,2016-05-01,2017-07-11,normal,yes,,NULL,NULL,"2017-02-18 19:16:22",6,NULL,NULL,NULL,NULL,NULL,NULL,NULL,0.00,NULL
34,"Room 3",11,130,0,,single,0,9900,0,29700,0,occupied,0,1,2016-05-01,2017-07-11,normal,yes,,NULL,NULL,"2017-02-18 19:16:23",6,NULL,NULL,NULL,NULL,NULL,NULL,NULL,0.00,NULL
35,"Room 4",11,130,0,,single,0,9900,1500,29700,0,occupied,0,1,2016-05-01,2017-07-11,normal,yes,,NULL,NULL,"2017-04-12 01:38:37",6,NULL,NULL,NULL,NULL,NULL,NULL,NULL,0.00,NULL
36,"Room 1",13,110,0,,single,0,9900,0,29700,0,occupied,0,1,2017-03-15,2018-02-14,normal,yes,,NULL,NULL,"2017-04-12 01:36:47",6,NULL,NULL,NULL,NULL,NULL,NULL,NULL,0.00,NULL
37,"Room 2",13,155,0,,single,0,10900,0,32700,0,occupied,0,1,2016-05-01,2017-07-11,normal,yes,,NULL,NULL,"2017-02-18 19:38:49",6,NULL,NULL,NULL,NULL,NULL,NULL,NULL,0.00,NULL
38,"Room 3",13,130,0,,single,0,9900,0,29700,0,occupied,0,1,2016-05-01,2017-07-11,normal,no,,NULL,NULL,"2017-02-18 19:38:49",6,NULL,NULL,NULL,NULL,NULL,NULL,NULL,0.00,NULL
39,"Room 4",13,130,0,,single,0,9900,0,29700,0,occupied,0,1,2016-05-01,2017-07-11,normal,yes,,NULL,NULL,"2017-02-18 19:38:49",6,NULL,NULL,NULL,NULL,NULL,NULL,NULL,0.00,NULL
40,"Room 1",17,300,0,,single,0,13000,0,39000,0,occupied,0,1,2016-06-01,2017-06-01,normal,yes,,NULL,"2016-06-24 17:36:03","2016-11-04 06:17:51",6,NULL,NULL,NULL,NULL,NULL,NULL,NULL,0.00,NULL
41,"Room 2",17,300,0,,single,0,13000,0,39000,0,occupied,0,1,2016-06-01,2017-06-01,normal,yes,,NULL,"2016-06-24 17:36:03","2016-11-04 06:17:51",6,NULL,NULL,NULL,NULL,NULL,NULL,NULL,0.00,NULL
50,"Room 1",21,320,0,,single,0,24900,NULL,149400,0,available,1,1,2016-07-01,2017-07-01,normal,yes,,NULL,"2016-07-11 14:25:44","2016-07-17 14:19:04",6,NULL,NULL,NULL,NULL,NULL,NULL,NULL,0.00,NULL
51,"Room 2",21,320,0,,single,0,24900,NULL,149400,0,available,1,1,2016-07-01,2017-07-01,normal,yes,,NULL,"2016-07-11 14:26:27","2016-07-17 14:19:10",6,NULL,NULL,NULL,NULL,NULL,NULL,NULL,0.00,NULL
52,"Room 1",23,205,0,,single,0,29000,0,299000,0,occupied,0,1,2016-07-14,2017-07-14,french,no,,NULL,"2016-07-14 22:07:17","2016-10-10 06:18:31",6,NULL,NULL,NULL,NULL,NULL,NULL,NULL,0.00,NULL
53,"Room 2",23,208,0,,single,0,17900,0,53700,0,occupied,0,1,2016-07-14,2017-07-14,french,no,"Bath Tub",NULL,"2016-07-14 22:11:15","2017-02-22 13:38:45",6,NULL,NULL,NULL,NULL,NULL,NULL,NULL,0.00,NULL
54,"Room 3",23,178,0,,single,0,16900,0,50700,0,occupied,0,1,2017-04-01,2017-07-14,french,no,"Bath Tub",NULL,"2016-07-14 22:12:58","2017-04-26 00:19:35",6,NULL,NULL,NULL,NULL,NULL,NULL,NULL,0.00,NULL
57,"ROOM 1",25,160,0,,single,0,14000,750,42000,0,occupied,0,1,2016-07-20,2017-07-20,normal,no,,NULL,"2016-07-21 01:56:46","2018-05-22 17:56:40",6,NULL,NULL,NULL,NULL,NULL,NULL,NULL,0.00,0.00
58,"ROOM 2",25,126,0,,single,0,11000,750,33000,0,occupied,0,1,2016-07-20,2017-07-20,normal,no,,NULL,"2016-07-21 01:57:28","2018-05-22 17:56:40",6,NULL,NULL,NULL,NULL,NULL,NULL,NULL,0.00,0.00
59,"ROOM 3",25,154,0,,single,0,13000,750,39000,0,occupied,0,1,2016-07-20,2017-07-20,normal,no,,NULL,"2016-07-21 01:58:36","2018-05-22 17:56:40",6,NULL,NULL,NULL,NULL,NULL,NULL,NULL,0.00,0.00
60,"Room 1",26,143,0,,single,0,14900,0,44700,0,occupied,0,1,2016-08-15,2017-07-21,normal,yes,,NULL,"2016-07-21 20:58:40","2018-04-28 12:49:51",6,NULL,NULL,NULL,NULL,NULL,NULL,NULL,0.00,NULL
61,"Room 2",26,143,0,,single,0,12900,0,38700,0,occupied,0,1,2016-08-15,2017-07-21,normal,yes,,NULL,"2016-07-21 21:00:34","2018-04-28 12:49:51",6,NULL,NULL,NULL,NULL,NULL,NULL,NULL,0.00,NULL
62,"Room 3",26,143,0,,single,0,12900,0,38700,0,occupied,0,1,2016-08-15,2017-07-21,normal,yes,,NULL,"2016-07-21 21:04:42","2018-04-28 12:49:51",6,NULL,NULL,NULL,NULL,NULL,NULL,NULL,0.00,NULL
63,"Room 1",27,120,0,,single,0,6000,NULL,18000,0,available,1,1,2016-08-01,2017-08-01,normal,no,,NULL,"2016-07-26 13:50:46","2016-07-26 13:50:46",6,NULL,NULL,NULL,NULL,NULL,NULL,NULL,0.00,NULL
64,"Room 2",27,99,0,,single,0,5000,NULL,15000,0,available,1,1,2016-08-01,2017-08-01,normal,no,,NULL,"2016-07-26 13:51:40","2016-07-26 13:51:40",6,NULL,NULL,NULL,NULL,NULL,NULL,NULL,0.00,NULL
65,"Room 1",28,168,0,,single,0,17900,1500,53700,0,occupied,0,1,2016-08-15,2017-07-14,normal,yes,NA,NULL,"2016-08-01 19:42:08","2018-05-25 12:49:38",6,NULL,NULL,NULL,NULL,NULL,NULL,NULL,0.00,0.00
66,"Room 2",28,168,0,,single,0,17900,1500,53700,0,occupied,0,1,2016-08-15,2017-07-14,normal,yes,NA,NULL,"2016-08-01 19:46:03","2018-05-25 12:49:38",6,NULL,NULL,NULL,NULL,NULL,NULL,NULL,0.00,0.00
67,"Room 3",28,198,0,,single,0,18900,1500,56700,0,occupied,0,1,2016-08-15,2017-07-14,normal,yes,NA,NULL,"2016-08-01 19:55:39","2018-05-25 12:49:38",6,NULL,NULL,NULL,NULL,NULL,NULL,NULL,0.00,0.00
68,"Room 1",29,120,0,,single,0,6000,1,18000,0,occupied,0,1,2016-08-01,2017-08-05,normal,no,NA,NULL,"2016-08-05 16:50:12","2017-05-26 14:51:18",11,NULL,NULL,NULL,NULL,NULL,NULL,NULL,0.00,NULL
69,"Room 2",29,98,0,,single,0,5500,1,16500,0,occupied,0,1,2016-08-01,2017-08-05,normal,no,NA,NULL,"2016-08-05 16:51:35","2017-05-26 14:51:18",11,NULL,NULL,NULL,NULL,NULL,NULL,NULL,0.00,NULL
70,"Room 3",29,130,0,,single,0,6500,1,19500,0,occupied,0,1,2016-08-01,2017-08-05,normal,no,NA,NULL,"2016-08-05 16:52:30","2017-05-26 14:51:18",11,NULL,NULL,NULL,NULL,NULL,NULL,NULL,0.00,NULL
76,"Room 1",31,144,0,,single,0,13000,NULL,39000,950,available,1,1,2016-09-01,2017-07-31,normal,yes,NA,NULL,"2016-09-02 04:32:03","2016-09-02 04:32:03",6,NULL,NULL,NULL,NULL,NULL,NULL,NULL,0.00,NULL
77,"Room 2",31,144,0,,single,0,13000,NULL,39000,950,occupied,0,1,2016-09-01,2017-07-31,normal,yes,NA,NULL,"2016-09-02 04:38:06","2016-09-02 04:38:06",6,NULL,NULL,NULL,NULL,NULL,NULL,NULL,0.00,NULL
78,"Room 1",32,168,0,,single,0,21500,0,29700,0,available,1,1,2016-10-01,2017-08-31,normal,yes,NA,NULL,"2016-09-12 05:29:11","2016-11-04 05:51:44",6,NULL,NULL,NULL,NULL,NULL,NULL,NULL,0.00,NULL
79,"Room 2",32,192,0,,single,0,21500,0,20700,0,available,1,1,2016-10-01,2017-08-31,normal,yes,"Room shared by two people. Shared with Room 2-2",NULL,"2016-09-12 05:30:46","2016-11-04 05:51:44",6,NULL,NULL,NULL,NULL,NULL,NULL,NULL,0.00,NULL
81,"ROOM 1",33,110,0,,single,0,10500,1500,31500,0,available,1,1,2016-11-01,2017-09-30,french,no,,NULL,"2016-09-13 01:40:46","2017-09-22 14:47:03",6,NULL,NULL,NULL,NULL,NULL,NULL,NULL,0.00,NULL
82,"ROOM 2",33,128,0,,single,0,10900,1500,32700,0,available,1,1,2016-11-01,2017-09-30,french,no,,NULL,"2016-09-13 01:42:14","2017-09-22 14:47:03",6,NULL,NULL,NULL,NULL,NULL,NULL,NULL,0.00,NULL
83,"ROOM 3",33,100,0,,single,0,9900,1500,29700,0,available,1,1,2016-11-01,2017-09-30,french,no,,NULL,"2016-09-13 01:42:57","2017-09-22 14:47:03",6,NULL,NULL,NULL,NULL,NULL,NULL,NULL,0.00,NULL
84,"ROOM 1",34,110,0,,single,0,9900,750,29700,0,available,1,1,2016-11-01,2017-09-30,normal,no,,NULL,"2016-09-13 01:49:14","2017-03-10 21:44:53",6,NULL,NULL,NULL,NULL,NULL,NULL,NULL,0.00,NULL
85,"ROOM 2",34,128,0,,single,0,9900,750,29700,0,available,1,1,2016-11-01,2017-09-30,normal,no,,NULL,"2016-09-13 01:50:21","2017-03-10 21:44:53",6,NULL,NULL,NULL,NULL,NULL,NULL,NULL,0.00,NULL
86,"ROOM 3",34,100,0,,single,0,8900,750,26700,0,available,1,1,2016-11-01,2017-09-30,normal,no,,NULL,"2016-09-13 01:50:57","2017-03-10 21:44:53",6,NULL,NULL,NULL,NULL,NULL,NULL,NULL,0.00,NULL
87,"ROOM 1",35,125,0,,single,0,10900,1500,32700,0,occupied,0,1,2016-11-01,2017-09-30,normal,no,,NULL,"2016-09-13 01:56:37","2018-05-18 16:44:34",6,NULL,NULL,NULL,NULL,NULL,NULL,NULL,0.00,0.00
88,"ROOM 2",35,100,0,,single,0,9900,1500,29700,0,occupied,0,1,2016-11-01,2017-09-30,normal,no,,NULL,"2016-09-13 01:57:12","2018-05-18 16:44:34",6,NULL,NULL,NULL,NULL,NULL,NULL,NULL,0.00,0.00
89,"ROOM 1",36,110,0,,single,0,16900,1500,50700,0,occupied,0,1,2016-10-20,2017-09-19,french,no,"2nd floor room-Fully furnished",NULL,"2016-09-13 02:09:13","2017-11-18 12:53:44",6,NULL,NULL,NULL,NULL,NULL,NULL,NULL,0.00,NULL
90,"ROOM 2",36,110,0,,single,0,17900,1500,53700,0,occupied,0,1,2016-10-20,2017-09-19,french,no,"2nd floor room- Fully furnished",NULL,"2016-09-13 02:11:17","2017-12-18 17:30:17",6,NULL,NULL,NULL,NULL,NULL,NULL,NULL,0.00,NULL
91,"ROOM 3",36,110,0,,shared,0,18900,1500,56700,0,occupied,0,1,2016-10-20,2017-09-19,french,no,"Shared Room - 9,900 per bed. room with balcony-Fully furnished",NULL,"2016-09-13 02:12:03","2017-05-23 16:45:20",6,NULL,NULL,NULL,NULL,NULL,NULL,NULL,0.00,NULL
92,ROOM1,37,110,0,,single,0,13900,1500,41700,0,occupied,0,1,2016-10-20,2017-09-12,normal,no,"Basement room with seperate entrance-Fully furnished",NULL,"2016-09-13 02:20:39","2017-12-01 14:40:25",6,NULL,NULL,NULL,NULL,NULL,NULL,NULL,0.00,NULL
93,"ROOM 2",37,110,0,,single,0,16900,1500,50700,0,occupied,0,1,2016-10-20,2017-09-12,normal,no,"Ground floor room-Fully furnished",NULL,"2016-09-13 02:21:18","2018-04-30 13:38:16",6,NULL,NULL,NULL,NULL,NULL,NULL,NULL,0.00,NULL
94,"ROOM 3",37,110,0,,single,0,16900,1500,50700,0,occupied,0,1,2017-12-01,2018-03-31,normal,no,"First floor room-Fully furnished",NULL,"2016-09-13 02:23:38","2017-12-18 16:36:07",6,NULL,NULL,NULL,NULL,NULL,NULL,NULL,0.00,NULL
95,"ROOM 4",37,110,0,,single,0,18900,1500,56700,0,occupied,0,2,2016-10-20,2017-09-12,normal,no,"1st floor room with balcony and seperate entrance-Fully furnished ",NULL,"2016-09-13 02:24:26","2017-11-28 14:48:25",6,NULL,NULL,NULL,NULL,NULL,NULL,NULL,0.00,NULL
96,"Room 1",38,192,0,,single,0,14900,0,44700,0,occupied,0,1,2016-10-15,2017-09-14,normal,yes,"Tastefully furnished room with kingsize bed, mattress, Wardrobes, Study Table and chair ",NULL,"2016-09-14 05:59:08","2018-01-03 13:51:13",6,NULL,NULL,NULL,NULL,NULL,NULL,NULL,0.00,NULL
97,"Room 2",38,120,0,,single,0,18900,0,56700,0,occupied,0,1,2017-09-01,2017-09-14,normal,yes,"Fully furnished room with Single Bed, Mattress, Table and Chair",NULL,"2016-09-14 06:02:55","2017-08-30 19:12:13",6,NULL,NULL,NULL,NULL,NULL,NULL,NULL,0.00,NULL
98,"Room 3",38,192,0,,single,0,17900,0,53700,0,occupied,0,1,2016-10-15,2017-09-14,normal,yes,"Tastefully furnished air-conditioned room with king size bed, mattress, TV, wardrobes, side tables, study table and chair. The room has an attached balcony and attached bathroom.",NULL,"2016-09-14 06:08:22","2018-01-03 13:51:13",6,NULL,NULL,NULL,NULL,NULL,NULL,NULL,0.00,NULL
99,"Room 1",39,144,0,,single,0,17900,NULL,53700,0,available,1,1,2016-10-01,2017-08-31,normal,yes,,NULL,"2016-09-15 06:44:08","2016-09-15 06:44:08",6,NULL,NULL,NULL,NULL,NULL,NULL,NULL,0.00,NULL
100,"Room 2",39,156,0,,single,0,9900,NULL,29700,0,available,1,1,2016-10-01,2017-08-31,normal,yes,"The room will be shared by two people",NULL,"2016-09-15 06:45:57","2016-09-15 06:45:57",6,NULL,NULL,NULL,NULL,NULL,NULL,NULL,0.00,NULL
103,"Room 1",41,120,0,,single,0,10900,1500,32700,0,occupied,0,2,2017-07-01,2018-05-31,normal,yes,"Shared room - 7000 per bed",NULL,"2016-09-21 04:59:39","2018-06-09 12:21:33",6,NULL,NULL,NULL,NULL,NULL,NULL,NULL,0.00,0.00
104,"Room 2",41,140,0,,single,0,10900,1500,32700,0,occupied,0,1,2016-10-15,2018-09-14,normal,yes,NA,NULL,"2016-09-21 05:01:30","2018-06-09 12:21:33",6,NULL,NULL,NULL,NULL,NULL,NULL,NULL,0.00,0.00
105,"Room 3",41,144,0,,single,0,11900,1500,35700,0,partial,1,2,2017-10-15,2018-09-15,normal,yes,,NULL,"2016-09-21 05:02:46","2018-06-09 12:21:33",6,NULL,NULL,NULL,NULL,NULL,NULL,NULL,0.00,0.00
106,"ROOM 1",42,144,0,,shared,0,18000,0,54000,0,occupied,0,1,2016-10-15,2017-09-15,normal,no,,NULL,"2016-09-23 01:41:27","2016-12-06 22:24:54",6,NULL,NULL,NULL,NULL,NULL,NULL,NULL,0.00,NULL
107,"ROOM 2",42,144,0,,single,0,16900,0,101400,0,occupied,0,1,2016-10-15,2017-10-15,french,no,,NULL,"2016-09-23 01:42:41","2016-11-01 17:14:44",6,NULL,NULL,NULL,NULL,NULL,NULL,NULL,0.00,NULL
108,"Room 3",42,120,0,,single,0,15900,0,95400,0,occupied,0,1,2016-10-15,2017-09-14,french,no,,NULL,"2016-10-04 19:51:16","2016-11-24 10:03:05",6,NULL,NULL,NULL,NULL,NULL,NULL,NULL,0.00,NULL
109,"ROOM 1",30,240,0,,single,0,35000,0,105000,0,available,1,1,2017-05-10,2018-04-09,french,no,,NULL,"2016-10-05 16:57:20","2018-01-04 17:53:15",6,NULL,NULL,NULL,NULL,NULL,NULL,NULL,0.00,NULL
110,"ROOM 2",30,136,0,,single,0,35000,0,29700,0,available,1,1,2017-05-10,2018-04-09,french,no,,NULL,"2016-10-05 17:18:51","2018-01-04 17:53:15",6,NULL,NULL,NULL,NULL,NULL,NULL,NULL,0.00,NULL
111,"ROOM 3",30,124,0,,single,0,35000,0,29700,0,available,1,1,2017-05-10,2018-04-09,french,no,,NULL,"2016-10-05 17:27:28","2018-01-04 17:53:15",6,NULL,NULL,NULL,NULL,NULL,NULL,NULL,0.00,NULL
112,"ROOM 4",30,278,0,,single,0,35000,0,29700,0,available,1,1,2017-05-10,2018-04-09,french,no,,NULL,"2016-10-05 17:32:26","2018-01-04 17:53:15",6,NULL,NULL,NULL,NULL,NULL,NULL,NULL,0.00,NULL
113,"ROOM 5",30,160,0,,single,0,35000,0,29700,0,available,1,1,2017-05-10,2018-04-09,french,no,,NULL,"2016-10-05 17:48:19","2018-01-04 17:53:15",6,NULL,NULL,NULL,NULL,NULL,NULL,NULL,0.00,NULL
114,"ROOM 1",43,195,0,,single,0,60000,0,180000,0,available,1,1,2016-10-07,2017-10-07,french,no,,NULL,"2016-10-07 23:42:33","2016-11-04 06:29:58",6,NULL,NULL,NULL,NULL,NULL,NULL,NULL,0.00,NULL
116,"ROOM 2",43,144,0,,single,0,60000,0,180000,0,blocked,NULL,NULL,2016-10-07,2017-10-07,french,no,,NULL,"2016-10-07 23:44:11","2016-11-04 06:29:58",6,NULL,NULL,NULL,NULL,NULL,NULL,NULL,0.00,NULL
117,"ROOM 3",43,195,0,,single,0,60000,0,180000,0,blocked,NULL,NULL,2016-10-07,2017-10-07,french,no,,NULL,"2016-10-07 23:44:49","2016-11-04 06:29:58",6,NULL,NULL,NULL,NULL,NULL,NULL,NULL,0.00,NULL
118,"ROOM 1",44,120,0,,single,0,14900,NULL,44700,0,available,1,1,2016-10-15,2017-09-14,french,no,,NULL,"2016-10-08 00:15:36","2016-10-08 04:05:23",6,NULL,NULL,NULL,NULL,NULL,NULL,NULL,0.00,NULL
119,"ROOM 2",44,120,0,,single,0,13900,NULL,41700,0,available,1,1,2016-10-15,2017-09-14,french,no,,NULL,"2016-10-08 00:17:18","2016-10-08 04:05:23",6,NULL,NULL,NULL,NULL,NULL,NULL,NULL,0.00,NULL
120,"ROOM 3",44,120,0,,single,0,11900,NULL,35700,0,available,1,1,2016-10-15,2017-09-14,french,no,,NULL,"2016-10-08 00:18:47","2016-10-08 04:05:24",6,NULL,NULL,NULL,NULL,NULL,NULL,NULL,0.00,NULL
121,"Room 1",2,120,0,,single,0,18000,1500,54000,2000,available,1,1,2016-11-03,2017-11-03,normal,yes,,NULL,"2016-11-04 06:44:38","2016-11-04 16:39:17",6,NULL,NULL,NULL,NULL,NULL,NULL,NULL,0.00,NULL
122,"ROOM 1",46,164,0,0,single,0,15900,0,47700,0,occupied,0,1,2017-07-01,2018-05-31,french,no,,,"2016-11-07 22:38:20","2017-09-08 13:12:47",6,1,3,1,1,1,0,0,0.00,NULL
123,"ROOM 2",46,207,0,0,single,0,16900,0,50700,0,occupied,0,1,2017-07-01,2018-05-31,normal,no,"Shared room - 8500 per bed",,"2016-11-07 22:38:20","2018-01-04 16:37:10",6,2,4,0,1,1,0,1,0.00,NULL
124,"ROOM 3",46,276,0,0,single,0,18900,0,56700,0,occupied,0,2,2017-07-01,2018-05-31,normal,no,"Shared room - 9000 per bed",,"2016-11-07 22:38:20","2017-11-22 11:22:12",6,1,4,1,1,1,0,1,0.00,NULL
125,"Room 1",47,156,0,0,single,0,15900,1500,47700,0,available,1,1,2017-02-20,2018-02-20,normal,no,"Rs. 8000 per bed (for sharing)",,"2016-11-08 19:57:23","2018-04-06 19:39:07",6,1,4,1,1,1,0,0,0.00,NULL
126,"Room 2",47,120,0,0,single,0,14900,1500,44700,0,available,1,1,2017-02-20,2018-02-20,normal,no,"Fully furnished single room",NA,"2016-11-08 19:57:23","2018-04-06 19:41:20",6,2,4,1,1,1,0,0,0.00,NULL
130,"Room 1",49,120,0,,single,0,9900,0,29700,0,blocked,NULL,NULL,2016-11-17,2017-11-14,normal,yes,"Single Room",NULL,"2016-11-14 13:37:37","2016-12-16 11:32:47",6,NULL,NULL,NULL,NULL,NULL,NULL,NULL,0.00,NULL
131,"Room 1",51,150,0,,shared,0,18000,0,54000,0,available,1,1,2016-11-20,2017-10-19,normal,yes,"9500 for sharing",NULL,"2016-11-15 19:16:48","2016-11-15 19:16:48",6,NULL,NULL,NULL,NULL,NULL,NULL,NULL,0.00,NULL
132,"Room 1A",52,140,0,0,shared,0,8500,700,25500,0,occupied,0,1,2017-01-17,2018-01-17,normal,no,"Rs. 9000 per bed (for sharing)",,"2016-11-20 12:26:32","2018-01-04 12:49:17",6,0,2,1,0,1,2,2,0.00,NULL
134,"Room 1",54,117,0,0,single,0,16000,750,48000,0,available,1,1,2017-02-08,2018-02-08,normal,yes,"Single Room with a double bed",,"2016-12-05 11:05:51","2018-02-05 18:19:12",6,1,3,1,1,1,0,0,0.00,NULL
135,Room2,54,124,0,0,single,0,16000,750,48000,0,available,1,1,2017-02-08,2018-02-08,normal,yes,"Single Room with a double bed",,"2016-12-05 11:05:51","2018-03-10 15:27:13",6,1,3,0,1,0,0,0,0.00,NULL
136,"Room 3",54,137,0,,shared,0,16000,750,48000,0,available,1,1,2017-01-01,2017-11-30,normal,yes,"Shared room. 8000 per bed",NULL,"2016-12-05 14:18:53","2018-02-05 18:19:13",6,NULL,NULL,NULL,NULL,NULL,NULL,NULL,0.00,NULL
137,ROOM1,55,130,0,0,single,0,17900,750,53700,0,occupied,0,1,2017-01-14,2018-01-14,french,no,,,"2016-12-06 03:26:05","2017-11-27 14:32:02",6,1,4,0,0,0,0,0,0.00,NULL
138,ROOM2,55,130,0,0,single,0,18900,750,56700,0,occupied,0,1,2017-01-14,2018-01-14,french,no,,,"2016-12-06 03:26:05","2018-02-19 13:31:38",6,1,4,0,0,0,0,0,0.00,NULL
139,ROOM3,55,130,0,0,single,0,19900,750,59700,0,available,2,1,2017-01-14,2018-01-14,french,no,,,"2016-12-06 03:26:05","2018-04-17 15:50:57",6,1,4,0,0,0,0,0,0.00,NULL
140,"Room 1",56,147,0,0,single,0,17900,750,53700,0,available,1,1,2017-01-14,2018-01-14,normal,yes,,,"2016-12-16 10:32:58","2018-06-09 17:52:55",6,1,3,1,1,1,0,0,14.00,0.00
141,"Room 2",56,217,0,0,single,0,19900,750,59700,0,occupied,0,1,2017-01-14,2018-01-14,normal,yes,,,"2016-12-16 10:32:58","2018-06-09 17:52:55",6,2,4,2,2,1,0,0,14.00,0.00
142,"Room 3",56,147,0,0,single,0,17900,750,53700,0,occupied,0,1,2017-01-14,2018-01-14,normal,yes,,,"2016-12-16 10:32:58","2018-06-09 17:52:55",6,1,3,1,1,1,0,0,14.00,0.00
143,"Room 4",56,217,0,0,single,0,19900,750,59700,0,occupied,0,1,2017-01-14,2018-01-14,normal,yes,,,"2016-12-16 10:32:58","2018-06-09 17:52:55",0,2,3,3,1,1,0,0,14.00,0.00
144,"Room 1",57,105,0,0,single,0,9900,750,29700,0,available,2,1,2017-08-31,2018-07-30,normal,no,"Single room with shared bathroom",,"2016-12-23 20:10:43","2017-08-28 17:41:33",6,1,1,0,1,1,0,0,0.00,NULL
145,"Room 2",57,100,0,0,single,0,9900,750,29700,0,available,2,1,2017-08-31,2018-07-30,normal,no,"Single room with shared bathroom",,"2016-12-23 20:10:43","2017-08-28 17:44:09",6,0,2,0,1,1,0,0,0.00,NULL
146,"Room 3",57,144,0,0,single,0,11900,750,35700,0,available,2,1,2017-08-31,2018-07-30,normal,no,"Single room with attached bathroom",,"2016-12-23 20:10:43","2017-08-28 17:25:23",6,2,2,0,1,1,0,0,0.00,NULL
147,"Room 1B",52,140,0,,shared,0,8500,750,25500,0,available,1,1,2016-12-25,2017-12-25,normal,no,"Shared Room",NULL,"2016-12-25 17:08:40","2018-05-25 18:08:16",6,NULL,NULL,NULL,NULL,NULL,NULL,NULL,0.00,NULL
148,"Room 2A",52,120,0,,shared,0,8500,750,25500,0,occupied,0,1,2016-12-25,2017-12-25,normal,no,"Shared Room",NULL,"2016-12-25 17:10:41","2018-01-04 12:49:17",6,NULL,NULL,NULL,NULL,NULL,NULL,NULL,0.00,NULL
149,"Room 2B",52,120,0,,shared,0,8500,750,25500,0,occupied,0,1,2016-12-25,2017-12-25,normal,no,"Shared Room",NULL,"2016-12-25 17:12:11","2018-01-04 12:49:17",6,NULL,NULL,NULL,NULL,NULL,NULL,NULL,0.00,NULL
150,"Room 1",58,148,0,0,single,0,16900,750,50700,0,occupied,0,1,2017-01-16,2018-01-16,normal,yes,"Fully furnished room with Single Bed, Mattress, Table and Chair",,"2017-01-06 17:07:48","2018-01-18 20:45:07",6,1,3,1,1,1,0,0,0.00,NULL
151,"Room 2",58,202,0,0,single,0,18900,750,56700,0,occupied,0,1,2017-01-16,2018-01-16,normal,yes,"Single Room with attached bathroom & balcony",,"2017-01-06 17:07:48","2018-05-08 21:06:37",6,1,3,1,1,1,0,1,0.00,NULL
152,"Room 3",58,155,0,0,single,0,17900,750,53700,0,occupied,0,1,2017-01-16,2018-01-16,normal,yes,"Single Room with attached bathroom",,"2017-01-06 17:07:48","2017-08-01 14:35:23",6,1,2,1,1,1,0,0,0.00,NULL
153,"Room 1A",61,154,0,0,shared,0,9500,1000,28500,0,occupied,0,1,2017-02-01,2017-12-31,normal,yes,"Shared room with attached bathroom with Bath Tub & attached Balcony",,"2017-01-19 19:59:37","2018-02-02 16:29:50",6,2,3,0,1,1,4,1,0.00,NULL
154,"Room 1B",61,154,0,,shared,0,9500,1000,28500,0,occupied,0,1,2017-02-01,2017-12-31,normal,yes,"Shared room with attached bathroom with Bath Tub & attached Balcony",NULL,"2017-01-19 20:43:01","2017-12-15 11:45:44",6,NULL,NULL,NULL,NULL,NULL,NULL,NULL,0.00,NULL
155,"Room 2A",61,120,0,,shared,0,9000,1000,27000,0,available,1,1,2017-02-01,2017-12-31,normal,yes,"Shared room with Common bathroom",NULL,"2017-01-19 21:06:07","2018-04-02 15:47:34",6,NULL,NULL,NULL,NULL,NULL,NULL,NULL,0.00,NULL
156,"Room 2B",61,120,0,,shared,0,9000,1000,27000,0,occupied,0,1,2017-02-01,2017-12-31,normal,yes,"Shared room with common bathroom",NULL,"2017-01-19 21:12:34","2017-04-05 16:14:48",6,NULL,NULL,NULL,NULL,NULL,NULL,NULL,0.00,NULL
157,"Room 1",62,147,0,0,single,0,17900,750,53700,0,occupied,0,1,2017-02-11,2018-01-11,normal,yes,NA,,"2017-02-11 15:53:39","2018-02-06 15:34:40",6,2,2,0,0,0,0,0,0.00,NULL
158,"Room 2",62,217,0,0,single,0,19900,750,59700,0,occupied,0,1,2017-02-11,2018-01-11,normal,yes,,,"2017-02-11 15:53:39","2018-02-10 14:41:46",6,2,4,0,1,1,0,0,0.00,NULL
159,"Room 3",62,147,0,0,single,0,17900,750,53700,0,occupied,0,1,2017-02-19,2018-01-18,normal,yes,,,"2017-02-11 15:53:39","2018-02-17 15:07:05",6,1,4,2,1,1,0,0,0.00,NULL
160,"Room 4",62,217,0,0,single,0,19900,750,59700,0,occupied,0,1,2017-02-11,2018-01-11,normal,yes,NA,,"2017-02-11 15:53:39","2018-02-12 12:20:17",6,2,4,2,1,1,0,0,0.00,NULL
161,"Room 1",63,132,0,0,single,0,10900,0,32700,0,available,1,1,2017-02-12,2018-01-10,normal,yes,"Single room with shared washroom",,"2017-02-14 20:20:15","2017-02-15 21:35:50",6,1,2,1,0,1,1,0,0.00,NULL
162,"Room 2",63,132,0,0,single,0,10900,0,32700,0,available,1,1,2017-02-10,2018-01-10,normal,yes,"Single Room with shared washroom",,"2017-02-14 20:20:15","2017-02-14 20:26:08",6,1,2,1,0,1,1,0,0.00,NULL
163,"Room 3",63,144,0,0,shared,0,8000,0,24000,0,available,2,2,2017-02-10,2018-01-10,normal,yes,"Shared room with attached bathroom and utility area",,"2017-02-14 20:20:15","2017-02-15 21:33:15",6,2,2,1,0,1,1,0,0.00,NULL
165,"Room 1",64,143,0,0,single,0,7500,750,22500,0,available,2,2,2017-02-15,2018-01-15,normal,yes,"Shared room",,"2017-02-17 21:54:58","2017-04-05 15:43:40",6,1,4,2,1,1,0,0,0.00,NULL
166,"Room 2",64,182,0,0,single,0,8500,750,25500,0,available,2,2,2017-02-15,2018-01-15,normal,yes,"Shared room, with attached bathroom and balcony",,"2017-02-17 21:54:58","2017-04-05 15:43:41",6,1,4,1,1,1,0,1,0.00,NULL
167,"Room 3",64,165,0,0,single,0,16900,750,50700,0,available,1,1,2017-02-15,2018-01-15,normal,yes,"Single Room with attached bath and balcony",,"2017-02-17 21:54:58","2017-02-18 11:14:56",6,2,4,2,1,1,0,0,0.00,NULL
168,"Room 4",64,200,0,0,single,0,16900,750,50700,0,available,1,1,2017-02-15,2018-01-15,normal,yes,"Single room with attached bath & balcony",,"2017-02-17 21:54:58","2017-02-18 11:14:56",6,2,4,2,1,1,0,0,0.00,NULL
169,"Room 4",6,3125,0,,single,0,19900,750,59700,0,occupied,0,1,2017-03-01,2018-02-20,normal,yes,,NULL,"2017-02-20 19:58:02","2017-12-15 11:40:13",6,NULL,NULL,NULL,NULL,NULL,NULL,NULL,0.00,NULL
170,"Room 1",65,144,0,0,single,0,14900,750,44700,0,available,1,1,2017-03-01,2018-02-01,normal,yes,"Single room with attached bath",,"2017-02-27 22:00:31","2017-02-27 22:00:31",6,1,3,0,1,1,0,0,0.00,NULL
171,"Room 2",65,144,0,0,single,0,14900,750,44700,0,available,1,1,2017-03-01,2018-02-01,normal,yes,"Single room with attached bath",,"2017-02-27 22:00:31","2017-02-27 22:00:31",6,1,4,0,1,1,0,0,0.00,NULL
172,"Room 3",65,138,0,0,single,0,14900,750,44700,0,available,1,1,2017-03-01,2018-02-01,normal,yes,"Single room with common bath",,"2017-02-27 22:00:31","2017-02-27 22:00:31",6,1,3,0,1,1,0,0,0.00,NULL
173,"Room 1",66,100,0,0,shared,0,8000,0,24000,0,available,2,2,2017-03-01,2018-02-01,normal,no,,,"2017-03-01 12:58:16","2017-03-01 12:58:16",3,0,0,0,0,0,0,0,0.00,NULL
174,"Room 2",66,100,0,0,shared,0,9000,0,27000,0,available,2,2,2017-03-01,2018-02-01,normal,no,,,"2017-03-01 12:58:16","2017-03-01 12:58:16",3,0,0,0,0,0,0,0,0.00,NULL
175,"Room 3",66,100,0,0,shared,0,10000,0,30000,0,available,2,2,2017-03-01,2018-02-01,normal,no,,,"2017-03-01 12:58:16","2017-03-01 12:58:16",3,0,0,0,0,0,0,0,0.00,NULL
176,"Room 1",67,100,0,0,shared,0,8000,0,24000,0,available,2,2,2017-03-01,2018-02-01,normal,no,,,"2017-03-01 12:58:16","2017-03-01 12:58:16",3,0,0,0,0,0,0,0,0.00,NULL
177,"Room 2",67,100,0,0,shared,0,9000,0,27000,0,available,2,2,2017-03-01,2018-02-01,normal,no,,,"2017-03-01 12:58:16","2017-03-01 12:58:16",3,0,0,0,0,0,0,0,0.00,NULL
178,"Room 3",67,100,0,0,shared,0,10000,0,30000,0,available,2,2,2017-03-01,2018-02-01,normal,no,,,"2017-03-01 12:58:16","2017-03-01 12:58:16",3,0,0,0,0,0,0,0,0.00,NULL
179,"Room 1",68,100,0,0,shared,0,8000,0,24000,0,available,2,2,2017-03-01,2018-02-01,normal,no,,,"2017-03-01 12:58:16","2017-03-01 12:58:16",3,0,0,0,0,0,0,0,0.00,NULL
180,"Room 2",68,100,0,0,shared,0,9000,0,27000,0,available,2,2,2017-03-01,2018-02-01,normal,no,,,"2017-03-01 12:58:16","2017-03-01 12:58:16",3,0,0,0,0,0,0,0,0.00,NULL
181,"Room 3",68,100,0,0,shared,0,10000,0,30000,0,available,2,2,2017-03-01,2018-02-01,normal,no,,,"2017-03-01 12:58:16","2017-03-01 12:58:16",3,0,0,0,0,0,0,0,0.00,NULL
182,"Room 1",69,100,0,0,shared,0,8000,0,24000,0,available,2,2,2017-03-01,2018-02-01,normal,no,,,"2017-03-01 12:58:16","2017-03-01 12:58:16",3,0,0,0,0,0,0,0,0.00,NULL
183,"Room 2",69,100,0,0,shared,0,9000,0,27000,0,available,2,2,2017-03-01,2018-02-01,normal,no,,,"2017-03-01 12:58:16","2017-03-01 12:58:16",3,0,0,0,0,0,0,0,0.00,NULL
184,"Room 3",69,100,0,0,shared,0,10000,0,30000,0,available,2,2,2017-03-01,2018-02-01,normal,no,,,"2017-03-01 12:58:16","2017-03-01 12:58:16",3,0,0,0,0,0,0,0,0.00,NULL
185,"Room 1",70,100,0,0,shared,0,8000,0,24000,0,available,2,2,2017-03-01,2018-02-01,normal,no,,,"2017-03-01 12:58:16","2017-03-01 12:58:16",3,0,0,0,0,0,0,0,0.00,NULL
186,"Room 2",70,100,0,0,shared,0,9000,0,27000,0,available,2,2,2017-03-01,2018-02-01,normal,no,,,"2017-03-01 12:58:16","2017-03-01 12:58:16",3,0,0,0,0,0,0,0,0.00,NULL
187,"Room 3",70,100,0,0,shared,0,10000,0,30000,0,available,2,2,2017-03-01,2018-02-01,normal,no,,,"2017-03-01 12:58:16","2017-03-01 12:58:16",3,0,0,0,0,0,0,0,0.00,NULL
188,"Room 1",71,100,0,0,shared,0,8000,0,24000,0,available,2,2,2017-03-01,2018-02-01,normal,no,,,"2017-03-01 12:58:16","2017-03-01 12:58:16",3,0,0,0,0,0,0,0,0.00,NULL
189,"Room 2",71,100,0,0,shared,0,9000,0,27000,0,available,2,2,2017-03-01,2018-02-01,normal,no,,,"2017-03-01 12:58:16","2017-03-01 12:58:16",3,0,0,0,0,0,0,0,0.00,NULL
190,"Room 3",71,100,0,0,shared,0,10000,0,30000,0,available,2,2,2017-03-01,2018-02-01,normal,no,,,"2017-03-01 12:58:16","2017-03-01 12:58:16",3,0,0,0,0,0,0,0,0.00,NULL
191,"Room 1",72,100,0,0,shared,0,8000,0,24000,0,available,2,2,2017-03-01,2018-02-01,normal,no,,,"2017-03-01 12:58:16","2017-03-01 12:58:16",3,0,0,0,0,0,0,0,0.00,NULL
192,"Room 2",72,100,0,0,shared,0,9000,0,27000,0,available,2,2,2017-03-01,2018-02-01,normal,no,,,"2017-03-01 12:58:16","2017-03-01 12:58:16",3,0,0,0,0,0,0,0,0.00,NULL
193,"Room 3",72,100,0,0,shared,0,10000,0,30000,0,available,2,2,2017-03-01,2018-02-01,normal,no,,,"2017-03-01 12:58:16","2017-03-01 12:58:16",3,0,0,0,0,0,0,0,0.00,NULL
194,"Room 1",73,100,0,0,shared,0,8000,0,24000,0,available,2,2,2017-03-01,2018-02-01,normal,no,,,"2017-03-01 12:58:16","2017-03-01 12:58:16",3,0,0,0,0,0,0,0,0.00,NULL
195,"Room 2",73,100,0,0,shared,0,9000,0,27000,0,available,2,2,2017-03-01,2018-02-01,normal,no,,,"2017-03-01 12:58:16","2017-03-01 12:58:16",3,0,0,0,0,0,0,0,0.00,NULL
196,"Room 3",73,100,0,0,shared,0,10000,0,30000,0,available,2,2,2017-03-01,2018-02-01,normal,no,,,"2017-03-01 12:58:16","2017-03-01 12:58:16",3,0,0,0,0,0,0,0,0.00,NULL
197,"Room 1",74,100,0,0,shared,0,8000,0,24000,0,available,2,2,2017-03-01,2018-02-01,normal,no,,,"2017-03-01 12:58:16","2017-03-01 12:58:16",3,0,0,0,0,0,0,0,0.00,NULL
198,"Room 2",74,100,0,0,shared,0,9000,0,27000,0,available,2,2,2017-03-01,2018-02-01,normal,no,,,"2017-03-01 12:58:16","2017-03-01 12:58:16",3,0,0,0,0,0,0,0,0.00,NULL
199,"Room 3",74,100,0,0,shared,0,10000,0,30000,0,available,2,2,2017-03-01,2018-02-01,normal,no,,,"2017-03-01 12:58:16","2017-03-01 12:58:16",3,0,0,0,0,0,0,0,0.00,NULL
200,"Room 1",75,100,0,0,shared,0,8000,0,24000,0,available,2,2,2017-03-01,2018-02-01,normal,no,,,"2017-03-01 12:58:16","2017-03-01 12:58:16",3,0,0,0,0,0,0,0,0.00,NULL
201,"Room 2",75,100,0,0,shared,0,9000,0,27000,0,available,2,2,2017-03-01,2018-02-01,normal,no,,,"2017-03-01 12:58:16","2017-03-01 12:58:16",3,0,0,0,0,0,0,0,0.00,NULL
202,"Room 3",75,100,0,0,shared,0,10000,0,30000,0,available,2,2,2017-03-01,2018-02-01,normal,no,,,"2017-03-01 12:58:16","2017-03-01 12:58:16",3,0,0,0,0,0,0,0,0.00,NULL
203,ROOM1,76,180,0,,single,0,13900,0,41700,0,available,1,1,2017-10-01,2018-03-01,normal,no,,NULL,"2017-03-01 17:09:38","2017-09-16 12:04:25",6,NULL,NULL,NULL,NULL,NULL,NULL,NULL,0.00,NULL
204,ROOM2,76,180,0,,single,0,15900,0,47700,0,available,1,1,2017-10-01,2018-03-01,normal,no,,NULL,"2017-03-01 17:11:35","2017-09-16 12:04:25",6,NULL,NULL,NULL,NULL,NULL,NULL,NULL,0.00,NULL
205,ROOM3,76,144,0,,single,0,13900,0,41700,0,available,1,1,2017-10-01,2018-03-01,normal,no,,NULL,"2017-03-01 17:14:20","2017-09-16 12:04:25",6,NULL,NULL,NULL,NULL,NULL,NULL,NULL,0.00,NULL
206,"Room 1",77,80,0,0,single,0,11000,0,22000,0,available,1,1,2017-03-07,2018-02-07,normal,no,,1,"2017-03-07 15:55:24","2017-03-07 15:55:24",11,0,4,2,0,1,0,0,0.00,NULL
207,"Room 2",77,140,0,0,shared,0,7500,0,15000,0,available,2,2,2017-03-07,2018-02-07,normal,no,,2,"2017-03-07 15:55:24","2017-03-07 15:55:24",11,1,4,4,0,1,0,0,0.00,NULL
208,"Room 3",77,140,0,0,shared,0,7500,0,15000,0,available,2,2,2017-03-07,2018-02-07,normal,no,,4,"2017-03-07 15:55:24","2017-03-07 15:55:24",11,1,4,0,0,1,0,0,0.00,NULL
212,"ROOM 1",79,216,0,0,shared,0,16000,0,48000,0,available,2,2,2017-03-20,2018-02-20,normal,no,,0,"2017-03-20 17:03:00","2017-03-20 17:03:00",6,2,3,2,1,1,0,0,0.00,NULL
213,"ROOM 2",79,140,0,0,single,0,15000,0,45000,0,available,1,1,2017-03-20,2018-02-20,normal,no,,0,"2017-03-20 17:03:00","2017-03-20 17:03:00",6,3,2,1,0,1,1,0,0.00,NULL
214,"ROOM 3",79,120,0,0,single,0,13000,0,39000,0,available,1,1,2017-03-18,2018-02-18,normal,no,,0,"2017-03-20 17:03:00","2017-03-20 17:03:00",6,1,3,3,0,1,4,2,0.00,NULL
215,"Room 4",79,140,0,0,single,0,14000,0,42000,0,available,1,1,2017-03-20,2018-02-20,normal,no,,,"2017-03-20 17:03:00","2017-03-20 17:03:00",6,0,3,0,1,1,0,0,0.00,NULL
216,"Room 1",80,140,0,0,shared,0,7900,750,23700,0,occupied,0,1,2017-04-01,2018-03-01,normal,yes,"Shared Room with a an attached bathroom & balcony",,"2017-03-23 16:47:48","2017-05-31 23:18:57",6,1,3,0,1,2,0,0,0.00,NULL
217,"Room 2",80,140,0,0,single,0,13900,750,41700,0,occupied,0,1,2017-04-01,2018-03-01,normal,yes,"Shared Room with a dedicated bathroom",,"2017-03-23 16:47:48","2017-05-31 23:18:57",6,1,3,0,1,1,0,0,0.00,NULL
218,ROOM1,81,185,0,0,single,0,13900,750,41700,0,occupied,0,1,2017-04-01,2018-03-01,normal,no,,0,"2017-03-23 18:32:15","2018-06-09 17:56:10",6,1,1,2,0,1,0,0,0.00,0.00
219,ROOM2,81,132,0,0,single,0,15900,750,47700,0,occupied,0,1,2017-04-01,2018-03-01,normal,no,,0,"2017-03-23 18:32:15","2018-06-09 17:56:10",6,1,2,1,1,1,0,1,0.00,0.00
220,ROOM3,81,210,0,0,single,0,16900,750,50700,0,occupied,0,2,2017-04-01,2018-03-01,french,no,,0,"2017-03-23 18:32:15","2018-06-09 17:56:11",6,1,3,1,1,1,0,0,0.00,0.00
221,ROOM1,83,140,0,0,single,0,11900,0,35700,0,available,1,1,2017-04-11,2018-03-11,normal,yes,,0,"2017-04-08 21:19:48","2017-04-08 21:19:48",6,1,2,1,0,1,0,1,0.00,NULL
222,ROOM1,85,120,0,0,single,0,16900,750,47700,0,occupied,0,2,2017-04-20,2018-03-20,french,yes,,0,"2017-04-12 19:13:15","2018-05-22 17:12:56",6,1,4,0,0,0,0,0,0.00,0.00
223,ROOM2,85,140,0,0,single,0,18900,750,56700,0,occupied,0,1,2017-04-20,2018-03-20,french,yes,,0,"2017-04-12 19:13:15","2018-05-22 17:12:56",6,1,3,0,0,0,0,0,0.00,0.00
224,ROOM3,85,144,0,0,single,0,16900,750,50700,0,occupied,0,1,2017-04-20,2018-03-20,french,yes,,0,"2017-04-12 19:13:15","2018-05-22 17:12:57",6,2,4,0,0,0,0,0,0.00,0.00
225,ROOM1,86,100,0,0,single,0,10900,750,32700,0,available,1,1,2017-03-18,2018-02-18,french,no,,0,"2017-04-12 20:09:35","2017-04-12 20:09:35",6,1,2,0,1,1,0,0,0.00,NULL
226,ROOM2,86,165,0,0,shared,0,8900,750,53400,0,available,2,2,2017-05-15,2018-04-15,french,no,,0,"2017-04-12 20:09:35","2017-04-12 20:09:35",6,1,2,1,1,1,0,1,0.00,NULL
227,ROOM1,87,80,0,0,single,0,20900,0,62700,500,available,2,1,2017-04-15,2018-03-15,normal,yes,,,"2017-04-12 20:21:41","2017-08-07 05:03:08",6,1,1,1,1,1,0,0,0.00,NULL
228,"Room 1",88,130,0,0,single,0,13900,750,41700,0,occupied,0,1,2017-11-06,2018-03-25,normal,yes,"Master Bedroom with attached washroom and balcony",,"2017-04-16 20:57:16","2018-01-10 11:44:54",6,1,2,1,1,1,1,1,0.00,NULL
229,"Room 2",88,90,0,0,single,0,12900,750,38700,0,occupied,0,1,2017-04-25,2018-03-25,normal,yes,"Single Room with common bathroom",,"2017-04-16 20:57:16","2017-10-20 11:57:31",6,1,2,1,1,1,0,0,0.00,NULL
230,"Room 3",88,120,0,0,single,0,13900,0,41700,0,occupied,0,1,2017-04-25,2018-03-25,normal,yes,"Single Room with attached bathroom and balcony",,"2017-04-16 20:57:16","2017-10-20 11:57:31",6,1,4,0,1,1,1,1,0.00,NULL
231,ROOM1,89,146,0,0,single,0,15900,750,47700,0,occupied,0,1,2017-05-01,2018-04-01,french,no,,0,"2017-04-20 13:56:03","2017-05-17 03:15:25",6,2,4,0,0,0,0,0,0.00,NULL
232,ROOM2,89,202,0,0,single,0,17900,750,53700,0,occupied,0,1,2017-05-01,2018-04-01,french,no,,0,"2017-04-20 13:56:03","2018-04-19 14:09:14",6,1,4,0,0,0,0,0,0.00,NULL
233,ROOM3,89,205,0,0,single,0,17900,750,53700,0,occupied,0,1,2017-05-01,2018-04-01,french,no,,0,"2017-04-20 13:56:03","2017-05-17 03:15:26",6,0,4,0,0,0,0,0,0.00,NULL
234,ROOM4,89,228,0,0,single,0,17900,750,53700,0,occupied,0,1,2017-05-01,2018-04-01,french,no,,0,"2017-04-20 13:56:03","2017-05-17 03:15:26",6,1,4,0,0,0,0,0,0.00,NULL
235,ROOM5,89,202,0,0,single,0,17900,750,53700,0,available,1,1,2017-05-01,2018-04-01,french,no,,0,"2017-04-20 13:56:03","2018-04-17 19:12:07",6,0,4,0,0,0,0,0,0.00,NULL
236,"Room 1",90,88,0,0,single,0,14000,750,42000,0,occupied,0,1,2017-04-25,2018-03-25,normal,yes,"Single Room with shared bath",,"2017-04-25 23:34:23","2018-05-21 19:53:30",6,1,4,1,1,1,0,0,0.00,0.00
237,"Room 2",90,125,0,0,shared,0,9000,750,27000,0,occupied,0,1,2017-04-25,2018-03-25,normal,yes,"Shared Master Bedroom with attached balcony & bathroom",,"2017-04-25 23:34:23","2018-05-21 19:53:30",6,2,4,1,1,1,0,1,0.00,0.00
238,"Room 3",90,120,0,0,single,0,15000,750,45000,0,occupied,0,1,2017-04-25,2018-03-25,normal,yes,"Single Room with shared bath",,"2017-04-25 23:34:23","2018-05-21 19:53:31",6,1,4,1,1,1,0,0,0.00,0.00
239,ROOM1,93,90,0,0,single,0,17900,0,53700,500,occupied,0,1,2017-05-08,2018-04-08,normal,yes,,0,"2017-05-05 14:04:30","2017-05-23 16:51:34",6,1,2,0,1,1,0,0,0.00,NULL
240,"Room 1",94,250,0,0,shared,0,26000,750,78000,0,available,2,2,2017-05-15,2018-04-15,normal,yes,,B-708,"2017-05-10 00:05:18","2017-05-19 12:24:52",11,1,2,1,0,1,0,0,0.00,NULL
241,"Room 2",94,250,0,0,shared,0,26000,750,78000,0,available,2,2,2017-05-15,2018-04-15,normal,yes,,B-708,"2017-05-10 00:05:18","2017-05-19 12:24:52",11,1,2,1,0,1,0,0,0.00,NULL
242,"Room 3",94,250,0,0,shared,0,26000,750,78000,0,available,2,2,2017-05-15,2018-04-15,normal,yes,,,"2017-05-10 00:05:18","2017-05-19 12:24:52",11,0,0,0,0,0,0,0,0.00,NULL
243,ROOM1,95,90,0,0,single,0,9900,0,29700,0,occupied,0,1,2017-06-10,2018-05-10,normal,yes,,0,"2017-05-29 16:11:54","2018-02-19 12:10:11",6,1,3,0,1,1,0,0,0.00,NULL
244,ROOM1,96,144,0,0,single,0,14900,750,44700,0,occupied,0,1,2017-06-15,2018-05-15,french,no,,0,"2017-05-29 16:15:07","2017-07-26 03:54:29",6,1,4,0,0,0,0,0,0.00,NULL
245,ROOM2,96,144,0,0,single,0,12900,750,38700,0,occupied,0,1,2017-06-15,2018-05-15,french,no,,0,"2017-05-29 16:15:07","2017-07-26 03:54:29",6,1,4,0,0,0,0,0,0.00,NULL
246,ROOM3,96,85,0,0,single,0,9900,750,29700,0,occupied,0,1,2017-06-15,2018-05-15,french,no,,0,"2017-05-29 16:15:07","2017-11-22 11:20:27",6,1,3,0,0,0,0,0,0.00,NULL
250,ROOM1,98,133,0,0,single,0,14900,750,44700,0,available,1,1,2017-07-15,2018-06-15,french,yes,,0,"2017-06-21 18:41:25","2018-05-06 13:37:31",6,0,0,0,0,0,0,0,0.00,NULL
251,ROOM2,98,150,0,0,shared,0,15900,750,47700,0,occupied,0,1,2017-07-15,2018-06-15,french,yes,,0,"2017-06-21 18:41:25","2018-02-19 13:29:47",6,0,0,0,0,0,0,0,0.00,NULL
252,ROOM3,98,137,0,0,single,0,13900,750,41700,0,available,1,1,2017-07-15,2018-06-15,french,yes,,0,"2017-06-21 18:41:25","2017-07-25 12:31:16",6,0,0,0,0,0,0,0,0.00,NULL
253,ROOM1,99,120,0,0,single,0,9900,750,29700,0,occupied,0,1,2017-07-01,2018-06-01,french,no,,0,"2017-06-21 20:12:48","2017-10-25 12:20:48",6,1,3,1,1,0,0,0,0.00,NULL
254,ROOM2,99,130,0,0,single,0,13900,750,41700,0,available,1,1,2017-07-01,2018-06-01,french,no,,0,"2017-06-21 20:12:48","2018-02-07 19:03:15",6,2,3,1,1,0,0,1,0.00,NULL
255,ROOM3,99,125,0,0,single,0,12900,750,38700,0,occupied,0,1,2017-07-01,2018-06-01,french,no,,0,"2017-06-21 20:12:48","2017-08-29 13:43:08",6,1,3,1,1,1,0,1,0.00,NULL
256,ROOM4,99,120,0,0,single,0,9900,750,29700,0,occupied,0,1,2017-07-01,2018-06-01,french,no,,0,"2017-06-21 20:12:48","2017-12-21 18:37:16",6,0,4,1,1,0,0,1,0.00,NULL
257,ROOM1,100,120,0,0,single,0,10900,750,32700,0,occupied,0,1,2017-07-01,2018-06-01,french,no,,0,"2017-06-21 21:10:19","2018-03-23 15:40:59",6,0,0,0,0,0,0,0,0.00,NULL
258,ROOM2,100,120,0,0,single,0,12900,750,38700,0,occupied,0,1,2017-07-01,2018-06-01,french,no,,0,"2017-06-21 21:10:19","2017-08-18 17:42:17",6,0,0,0,0,0,0,0,0.00,NULL
259,ROOM3,100,120,0,0,single,0,12900,750,38700,0,available,1,1,2017-07-01,2018-06-01,french,no,,0,"2017-06-21 21:10:19","2018-03-23 14:54:06",6,0,0,0,0,0,0,0,0.00,NULL
263,ROOM1,102,179,0,0,single,0,18900,750,56700,0,occupied,0,1,2017-07-15,2018-06-15,french,no,,0,"2017-06-24 12:51:53","2017-07-26 04:32:17",6,1,0,0,0,0,0,0,0.00,NULL
264,ROOM2,102,134,0,0,single,0,17900,750,53700,0,occupied,0,1,2017-07-15,2018-06-15,french,no,,0,"2017-06-24 12:51:53","2017-08-01 14:58:17",6,1,3,0,0,0,0,0,0.00,NULL
265,ROOM3,102,127,0,0,single,0,16900,750,50700,0,occupied,0,1,2017-07-15,2018-06-15,french,no,,0,"2017-06-24 12:51:53","2017-07-26 04:40:41",6,1,4,0,0,0,0,0,0.00,NULL
266,ROOM1,103,75,0,0,single,0,17000,750,51000,0,available,1,1,2017-06-23,2018-05-23,normal,yes,,0,"2017-06-28 13:15:19","2018-06-25 18:24:33",6,1,1,1,0,1,0,0,0.00,NULL
267,ROOM2,103,141,0,0,single,0,16000,750,48000,0,occupied,0,1,2017-06-23,2018-05-23,normal,yes,,0,"2017-06-28 13:15:19","2017-11-22 11:18:51",6,0,2,0,1,1,0,0,0.00,NULL
268,ROOM3,103,250,0,0,single,0,15000,750,45000,0,occupied,0,1,2017-06-23,2018-05-23,normal,yes,,0,"2017-06-28 13:15:19","2017-07-27 00:59:48",6,1,4,1,1,1,0,0,0.00,NULL
269,ROOM4,103,180,0,0,single,0,7500,750,22500,0,occupied,0,1,2017-06-23,2018-05-23,normal,yes,"no ",0,"2017-06-28 13:15:19","2017-09-04 20:31:36",6,0,3,0,1,1,0,0,0.00,NULL
270,ROOM1,104,120,0,0,single,0,12900,750,38700,0,occupied,0,1,2017-06-23,2018-05-23,french,yes,,0,"2017-06-30 12:14:58","2017-08-12 11:03:47",6,1,2,0,0,1,4,1,0.00,NULL
271,ROOM2,104,120,0,0,single,0,13900,750,41700,0,occupied,0,1,2017-06-23,2018-05-23,french,yes,,0,"2017-06-30 12:14:58","2017-07-31 16:51:01",6,1,4,0,0,1,4,1,0.00,NULL
272,ROOM3,104,140,0,0,single,0,14900,750,44700,0,occupied,0,1,2017-06-23,2018-05-23,french,yes,,0,"2017-06-30 12:14:58","2018-05-08 21:02:41",6,1,3,0,0,1,2,1,0.00,NULL
273,ROOM1,105,144,0,0,single,0,16000,750,48000,0,available,1,1,2017-07-05,2018-06-05,french,no,,0,"2017-07-04 16:06:52","2018-04-05 15:25:43",6,2,2,0,0,0,0,0,0.00,NULL
274,ROOM2,105,160,0,0,single,0,17000,750,51000,0,occupied,0,1,2017-07-05,2018-06-05,french,no,,,"2017-07-04 16:06:52","2018-04-12 19:53:27",6,1,4,0,0,0,0,0,0.00,NULL
275,ROOM3,105,120,0,0,single,0,15000,750,45000,0,occupied,0,1,2017-07-05,2018-06-05,french,no,,0,"2017-07-04 16:06:52","2017-08-07 14:32:34",6,1,3,0,0,0,0,0,0.00,NULL
279,ROOM1,107,110,0,0,single,0,10900,750,32700,0,available,1,1,2017-08-15,2018-06-17,french,no,,0,"2017-07-17 17:17:18","2017-07-17 17:32:52",6,0,0,0,0,0,0,0,0.00,NULL
280,ROOM2,107,125,0,0,single,0,12900,750,38700,0,available,1,1,2017-08-15,2018-06-17,french,no,,0,"2017-07-17 17:17:18","2017-07-17 17:32:52",6,0,0,0,0,0,0,0,0.00,NULL
281,ROOM3,107,197,0,0,shared,0,15800,750,47400,0,available,2,2,2017-08-15,2018-06-17,french,no,,0,"2017-07-17 17:17:18","2017-07-17 17:34:22",6,0,0,0,0,0,0,0,0.00,NULL
282,Room1,108,140,0,0,single,0,15900,0,47700,0,occupied,0,1,2017-07-30,2018-06-30,normal,yes,NA,0,"2017-07-22 10:29:29","2017-08-18 19:44:32",11,1,2,0,1,1,1,0,0.00,NULL
283,Room2,108,150,0,0,single,0,17900,0,53700,0,occupied,0,1,2017-07-30,2018-06-30,normal,yes,,0,"2017-07-22 10:29:29","2017-08-09 14:14:47",11,1,2,2,1,1,0,0,0.00,NULL
284,Room3,108,190,0,0,single,0,16900,0,50700,0,occupied,0,1,2017-07-30,2018-06-30,normal,yes,,0,"2017-07-22 10:29:29","2017-08-24 12:07:09",11,1,2,0,1,1,0,0,0.00,NULL
299,"Room 1",116,150,0,0,single,0,9000,0,18000,0,occupied,0,1,2018-05-01,2018-07-15,normal,yes,,X3-17,"2017-08-03 13:21:14","2018-04-22 15:17:11",11,1,2,0,1,1,0,0,0.00,NULL
300,"Room 2",116,150,0,0,single,0,8500,0,17000,0,occupied,0,1,2017-08-15,2018-07-15,normal,yes,,X3-17,"2017-08-03 13:21:14","2017-10-31 15:11:22",11,0,2,0,1,1,0,0,0.00,NULL
301,"Room 3",116,200,0,0,single,0,9500,0,20000,0,occupied,0,1,2017-08-15,2018-07-15,normal,yes,,X3-17,"2017-08-03 13:21:14","2017-10-31 15:11:22",11,1,2,0,1,1,0,0,0.00,NULL
302,"Room 4",116,300,0,0,single,0,11500,0,23000,0,occupied,0,1,2017-08-15,2018-07-15,normal,yes,,X3-17,"2017-08-03 13:21:14","2017-10-31 15:11:22",11,2,2,0,2,3,0,0,0.00,NULL
303,ROOM1,119,144,0,0,single,0,15900,750,47700,0,occupied,0,1,2017-07-26,2018-06-26,french,no,,0,"2017-08-12 13:06:55","2018-05-08 21:01:46",6,2,4,0,0,0,0,0,0.00,NULL
304,ROOM2,119,168,0,0,single,0,16900,750,50700,0,occupied,0,1,2017-07-26,2018-06-26,french,no,,0,"2017-08-12 13:06:55","2017-09-04 20:03:12",6,1,5,0,0,0,0,0,0.00,NULL
305,ROOM3,119,144,0,0,single,0,14900,750,44700,0,occupied,0,1,2017-07-26,2018-06-26,french,no,,0,"2017-08-12 13:06:55","2017-11-09 16:58:56",6,1,4,0,0,0,0,0,0.00,NULL
306,"Room 1",123,200,0,0,shared,0,7000,0,21000,0,partial,1,2,2017-05-20,2018-08-10,normal,yes,,C-402,"2017-09-02 13:25:03","2018-06-09 12:19:56",11,2,2,2,0,1,0,0,0.00,0.00
307,"Room 2",123,300,0,0,shared,0,13000,0,39000,0,occupied,0,1,2017-09-10,2018-08-10,normal,yes,,C-402,"2017-09-02 13:25:03","2018-06-09 12:19:57",11,0,3,1,0,1,0,0,0.00,0.00
308,"Room 3",123,200,0,0,single,0,14000,0,42000,0,occupied,0,1,2017-09-10,2018-08-10,normal,yes,,C-402,"2017-09-02 13:25:03","2018-06-09 12:19:57",11,2,2,1,0,1,0,0,0.00,0.00
309,Room1,124,176,0,0,single,0,18000,0,54000,0,available,1,1,2017-09-01,2018-08-01,normal,yes,,,"2017-09-04 10:45:55","2017-09-04 10:45:55",11,0,0,0,0,0,0,0,0.00,NULL
310,Room2,124,176,0,0,shared,0,10900,0,32700,0,available,2,2,2017-09-01,2018-08-01,normal,yes,,,"2017-09-04 10:45:55","2017-09-04 10:47:55",11,0,0,0,0,0,0,0,0.00,NULL
311,Room3,124,168,0,0,single,0,18000,0,54000,0,available,1,1,2017-09-01,2018-08-01,normal,yes,,,"2017-09-04 10:45:55","2017-09-04 10:45:55",11,0,0,0,0,0,0,0,0.00,NULL
312,ROOM1,125,100,0,0,single,0,14000,750,42000,0,occupied,0,1,2017-03-18,2018-02-18,french,no,,0,"2017-09-07 16:31:46","2018-04-18 13:02:59",6,1,2,0,1,1,0,0,0.00,NULL
313,ROOM2,125,165,0,0,shared,0,11000,750,33000,0,occupied,0,2,2017-05-15,2018-04-15,french,no,,0,"2017-09-07 16:31:46","2018-04-18 13:02:59",6,1,2,1,1,1,0,1,0.00,NULL
314,ROOM1,117,120,0,,single,0,14000,1000,42000,2000,occupied,0,1,2017-09-13,2018-09-13,normal,yes,,NULL,"2017-09-13 17:38:44","2018-05-08 10:29:07",6,NULL,NULL,NULL,NULL,NULL,NULL,NULL,0.00,NULL
315,ROOM2,117,144,0,,single,0,15000,1000,45000,2000,available,2,1,2017-09-13,2018-09-13,normal,yes,,NULL,"2017-09-13 17:44:33","2018-05-08 10:29:07",6,NULL,NULL,NULL,NULL,NULL,NULL,NULL,0.00,NULL
316,ROOM3,117,132,0,,single,0,15000,1000,45000,2000,available,1,1,2017-09-13,2018-09-13,normal,yes,,NULL,"2017-09-13 17:46:18","2018-05-08 10:29:08",6,NULL,NULL,NULL,NULL,NULL,NULL,NULL,0.00,NULL
317,ROOM1,126,130,0,0,single,0,16900,750,50700,0,occupied,0,1,2017-03-21,2018-02-21,french,no,,0,"2017-09-18 12:18:15","2018-06-11 17:57:43",6,1,4,0,0,0,0,0,0.00,0.00
318,ROOM2,126,230,0,0,single,0,17900,750,53700,0,available,1,1,2017-03-21,2018-02-21,french,no,,0,"2017-09-18 12:18:15","2018-06-11 17:57:43",6,2,4,0,0,0,0,0,0.00,0.00
319,ROOM3,126,196,0,0,single,0,17900,750,53700,0,occupied,0,1,2017-03-21,2018-02-21,french,no,,,"2017-09-18 12:18:15","2018-06-11 17:57:43",6,2,0,0,0,0,0,0,0.00,0.00
320,ROOM4,126,154,0,0,single,0,16900,750,50700,0,occupied,0,2,2017-03-21,2018-02-21,french,no,,0,"2017-09-18 12:18:15","2018-06-11 17:57:43",6,1,4,0,0,0,0,0,0.00,0.00
321,ROOM1,127,144,0,0,shared,0,9900,750,29700,0,occupied,0,2,2017-10-10,2018-09-10,french,yes,,0,"2017-09-18 14:18:46","2017-10-13 17:57:28",6,1,3,2,1,1,1,1,0.00,NULL
322,ROOM2,127,120,0,0,single,0,14900,750,44700,0,occupied,0,1,2017-10-10,2018-09-10,french,yes,,0,"2017-09-18 14:18:46","2017-10-13 17:57:28",6,1,4,1,1,1,1,0,0.00,NULL
323,ROOM3,127,140,0,0,single,0,14900,750,44700,0,occupied,0,1,2017-10-10,2018-09-10,french,yes,,0,"2017-09-18 14:18:46","2017-10-13 17:57:28",6,1,3,1,0,1,0,0,0.00,NULL
326,ROOM1,129,128,0,0,single,0,15900,750,47700,0,occupied,0,1,2017-09-09,2018-08-09,normal,yes,,0,"2017-10-13 18:18:26","2018-01-10 11:41:16",6,2,2,1,1,1,0,0,0.00,NULL
327,ROOM2,129,139,0,0,single,0,14900,750,44700,0,occupied,0,1,2017-09-09,2018-08-09,normal,yes,,0,"2017-10-13 18:18:26","2018-01-10 11:41:16",6,2,1,0,1,1,0,0,0.00,NULL
328,ROOM3,129,175,0,0,single,0,13900,750,41700,0,occupied,0,1,2017-09-09,2018-08-09,normal,yes,,0,"2017-10-13 18:18:26","2017-11-16 16:48:33",6,3,4,0,1,1,0,1,0.00,NULL
329,Room1,130,160,0,0,single,0,18500,0,55500,0,occupied,0,1,2017-10-25,2018-09-25,normal,yes,0,0,"2017-10-29 12:39:04","2017-11-14 14:38:48",11,0,0,0,0,0,0,0,0.00,NULL
330,Room2,130,160,0,0,single,0,18000,0,54000,0,occupied,0,1,2017-10-25,2018-09-25,normal,yes,,0,"2017-10-29 12:39:04","2017-11-14 14:38:48",11,0,0,0,0,0,0,0,0.00,NULL
331,Room3,130,160,0,0,single,0,17500,0,52500,0,occupied,0,1,2017-10-25,2018-09-25,normal,yes,0,0,"2017-10-29 12:39:04","2017-11-22 11:22:56",11,0,0,0,0,0,0,0,0.00,NULL
333,"Room 1",132,200,0,0,single,0,6500,0,13000,0,occupied,0,0,2017-11-02,2018-10-02,normal,yes,,Open,"2017-11-02 12:20:32","2017-11-02 12:41:25",11,2,0,1,0,0,0,0,0.00,NULL
334,"Room 2",132,200,0,0,single,0,6500,0,13000,0,occupied,0,0,2017-11-02,2018-10-02,normal,yes,,Open,"2017-11-02 12:20:32","2017-11-02 12:41:25",11,1,2,1,0,1,0,0,0.00,NULL
337,Room1,134,100,0,0,single,0,11000,0,33000,0,available,1,1,2017-11-03,2018-10-03,french,yes,0,0,"2017-11-03 15:51:31","2018-06-05 16:14:24",11,0,0,0,0,0,0,0,0.00,0.00
338,Room2,134,130,0,0,single,0,14500,0,43500,0,occupied,0,1,2017-11-03,2018-10-03,french,yes,0,0,"2017-11-03 15:51:31","2018-06-05 16:14:24",11,0,0,0,0,0,0,0,0.00,0.00
339,Room3,134,130,0,0,single,0,14500,0,43500,0,occupied,0,1,2017-11-03,2018-10-03,french,yes,0,0,"2017-11-03 15:51:31","2018-06-05 16:14:24",11,0,0,0,0,0,0,0,0.00,0.00
340,Room1,135,300,0,0,shared,0,5000,0,10000,0,occupied,0,2,2017-11-11,2018-10-11,normal,yes,x,x,"2017-11-11 09:58:20","2017-12-26 08:06:01",11,2,2,2,0,1,0,0,0.00,NULL
341,Room2,135,300,0,0,single,0,9000,0,18000,0,occupied,0,1,2017-11-11,2018-10-11,normal,yes,x,x,"2017-11-11 09:58:20","2017-12-13 08:35:33",11,1,2,1,0,1,0,0,0.00,NULL
342,Room3,135,250,0,0,single,0,8000,0,16000,0,available,2,2,2017-11-11,2018-10-11,normal,yes,x,x,"2017-11-11 09:58:20","2017-12-07 12:37:45",11,1,1,1,0,1,0,0,0.00,NULL
343,ROOM1,136,141,0,0,single,0,15000,0,45000,0,occupied,0,1,2017-11-06,2018-10-06,french,yes,,0,"2017-11-13 11:04:51","2018-05-25 12:47:24",6,1,3,0,1,1,0,1,0.00,0.00
344,ROOM2,136,110,0,0,single,0,15000,750,45000,0,occupied,0,1,2017-11-06,2018-10-06,french,yes,,0,"2017-11-13 11:04:51","2018-05-25 12:47:24",6,1,3,0,1,1,0,1,0.00,0.00
345,ROOM3,136,144,0,0,shared,0,16000,750,48000,0,occupied,0,2,2017-11-06,2018-10-06,french,yes,,0,"2017-11-13 11:04:51","2018-05-25 12:47:24",6,1,3,0,1,1,0,2,0.00,0.00
346,Room1,137,250,0,0,single,0,18000,0,54000,0,occupied,0,1,2017-11-09,2018-10-09,french,yes,0,0,"2017-11-13 17:42:02","2017-12-01 13:01:34",11,0,0,0,0,0,0,0,0.00,NULL
352,ROOM1,140,234,0,0,single,0,15500,750,46500,0,available,1,1,2017-11-27,2018-10-27,french,yes,,0,"2017-11-30 16:13:46","2017-11-30 16:15:50",6,1,4,1,1,1,0,0,0.00,NULL
353,ROOM2,140,150,0,0,single,0,14500,750,43500,0,available,1,1,2017-11-27,2018-10-27,french,yes,,0,"2017-11-30 16:13:46","2017-11-30 16:16:17",6,1,4,1,1,1,0,0,0.00,NULL
354,ROOM3,140,150,0,0,single,0,13500,750,40500,0,available,1,1,2017-11-27,2018-10-27,french,yes,,0,"2017-11-30 16:13:46","2017-11-30 16:16:33",6,1,4,1,1,1,0,0,0.00,NULL
355,"Room 1",141,300,0,,shared,0,8000,0,16000,0,occupied,0,0,2017-12-15,2018-11-15,normal,yes,"Well furnished and spacious room with attached balcony",NULL,"2017-12-01 17:01:15","2018-01-29 15:32:06",11,NULL,NULL,NULL,NULL,NULL,NULL,NULL,0.00,NULL
356,"Room 2",141,200,0,,single,0,13000,0,26000,0,occupied,0,0,2017-12-15,2018-11-15,normal,yes,"Well furnished room with all amenities",NULL,"2017-12-01 17:07:58","2018-01-29 15:29:59",11,NULL,NULL,NULL,NULL,NULL,NULL,NULL,0.00,NULL
357,"Room 3",141,250,0,,shared,0,8000,0,16000,0,occupied,0,0,2017-12-15,2018-11-15,normal,yes,"Well furnished and spacious room",NULL,"2017-12-01 17:10:05","2018-01-29 15:32:07",11,NULL,NULL,NULL,NULL,NULL,NULL,NULL,0.00,NULL
358,"Room 1",142,200,0,,single,0,15000,0,45000,0,occupied,0,2,2017-12-20,2018-11-20,normal,yes,"Well furnished and spacious room",NULL,"2017-12-08 17:11:50","2018-05-22 17:15:57",11,NULL,NULL,NULL,NULL,NULL,NULL,NULL,14.00,0.00
359,"Room 2",142,250,0,,shared,0,14000,0,42000,0,occupied,0,2,2017-12-20,2018-11-20,normal,yes,"Bed room with good interior work ",NULL,"2017-12-08 17:15:24","2018-05-22 17:15:57",11,NULL,NULL,NULL,NULL,NULL,NULL,NULL,14.00,0.00
360,"Room 3",142,350,0,,single,0,10500,0,31500,0,occupied,0,1,2017-12-20,2018-11-20,normal,yes,"Well furnished and spacious room with attached bathroom",NULL,"2017-12-08 17:21:50","2018-05-22 17:15:57",11,NULL,NULL,NULL,NULL,NULL,NULL,NULL,8.95,0.00
361,Room1,143,130,0,0,single,0,16000,0,48000,0,occupied,0,1,2017-12-10,2018-11-10,french,yes,0,0,"2017-12-09 11:58:33","2018-05-25 12:45:55",11,1,0,0,0,0,0,0,11.00,0.00
362,Room2,143,150,0,0,single,0,17000,0,51000,0,occupied,0,1,2017-12-06,2018-11-06,french,yes,0,0,"2017-12-09 11:58:33","2018-05-25 12:45:55",11,0,0,0,0,0,0,0,12.65,0.00
363,Room3,143,200,0,0,single,0,18000,0,54000,0,occupied,0,1,2017-12-06,2018-11-06,french,yes,0,0,"2017-12-09 11:58:33","2018-05-25 12:45:55",11,0,0,0,0,0,0,0,0.00,0.00
367,"Room 1",145,250,0,0,shared,0,6500,0,13000,0,occupied,0,0,2017-12-20,2018-11-20,normal,yes,"Spacious room with attached bathroom",1102,"2017-12-12 17:43:53","2018-01-29 15:24:53",11,1,2,2,0,1,0,0,0.00,NULL
368,"Room 2",145,250,0,0,shared,0,6500,0,13000,0,occupied,0,0,2017-12-20,2018-11-20,normal,yes,"Spacious room with attached bathroom",0,"2017-12-12 17:43:53","2018-01-29 15:24:54",11,1,2,2,0,1,0,0,0.00,NULL
369,"Room 3",145,200,0,0,shared,0,6000,0,12000,0,occupied,0,0,2017-12-20,2018-11-20,normal,yes,"Spacious room",E2-1102,"2017-12-12 17:43:53","2018-01-29 15:24:54",11,1,2,2,0,1,0,0,0.00,NULL
372,ROOM1,147,111,0,0,single,0,13500,750,40500,0,occupied,0,1,2017-12-13,2018-11-13,french,yes,,0,"2017-12-16 15:35:52","2018-04-18 13:03:50",6,1,0,0,0,0,0,0,0.00,NULL
373,ROOM2,147,111,0,0,single,0,13000,750,39000,0,occupied,0,1,2017-12-13,2018-11-13,french,yes,,0,"2017-12-16 15:35:52","2018-04-18 13:03:50",6,1,0,0,0,0,0,0,0.00,NULL
374,ROOM3,147,120,0,0,single,0,13500,750,40500,0,occupied,0,1,2017-12-13,2018-11-13,french,yes,,0,"2017-12-16 15:35:52","2018-04-18 13:03:50",6,1,0,0,0,0,0,0,0.00,NULL
375,ROOM1,148,111,0,0,single,0,13500,750,40500,0,available,1,1,2017-12-13,2018-11-13,french,yes,,0,"2017-12-16 15:42:58","2017-12-16 15:44:19",6,1,3,0,1,1,0,0,0.00,NULL
376,ROOM2,148,120,0,0,single,0,13000,750,39000,0,available,1,1,2017-12-13,2018-11-13,french,yes,,0,"2017-12-16 15:42:58","2017-12-16 15:44:40",6,1,3,0,1,1,0,0,0.00,NULL
377,ROOM3,148,120,0,0,single,0,13500,750,40500,0,available,1,1,2017-12-13,2018-11-13,french,yes,,0,"2017-12-16 15:42:58","2017-12-16 15:44:50",6,1,2,0,1,1,0,0,0.00,NULL
378,"Room 1",149,250,0,0,shared,0,8000,0,16000,0,occupied,0,0,2017-12-20,2018-11-20,normal,no,"Room adjacent to Common area",6,"2017-12-20 19:59:41","2018-04-02 13:22:43",11,1,3,2,0,1,0,0,0.00,NULL
379,"Room 2",149,250,0,0,shared,0,8000,0,16000,0,occupied,0,0,2017-12-20,2018-11-20,normal,no,"Well furnished and spacious room with attached bathroom",6,"2017-12-20 19:59:41","2018-04-02 13:22:43",11,1,4,2,0,1,0,0,0.00,NULL
380,"Room 3",149,200,0,0,shared,0,8000,6,16000,0,occupied,0,0,2017-12-20,2018-11-20,normal,no,"Bed room with attached bathroom & sitout balcony",7,"2017-12-20 19:59:41","2018-01-29 15:28:41",11,1,3,2,0,1,0,0,0.00,NULL
381,"Room 4",149,500,0,0,shared,0,7500,7,15000,0,occupied,0,0,2017-12-20,2018-11-20,normal,no,"Spacious room with attached bathroom & Balcony",7,"2017-12-20 19:59:41","2018-04-02 13:22:44",11,0,5,4,0,2,0,1,0.00,NULL
382,"Room 5",149,100,0,0,single,0,8500,0,17000,0,occupied,0,0,2017-12-20,2018-11-20,normal,no,"Private room and easy access to terrace",6,"2017-12-20 19:59:41","2018-04-02 13:22:44",11,1,2,0,1,0,0,0,0.00,NULL
383,"Room 1",150,200,0,0,shared,0,7500,0,22500,0,occupied,0,2,2017-12-20,2018-11-20,normal,yes,"Spacious room",701,"2017-12-20 20:52:44","2018-06-22 19:11:58",11,1,3,1,1,1,0,0,13.53,0.00
384,"Room 2",150,250,0,0,shared,0,8000,701,24000,0,occupied,0,2,2017-12-20,2018-11-20,normal,yes,"Well furnished and spacious room with attached balcony",701,"2017-12-20 20:52:44","2018-06-22 19:11:58",11,2,3,1,1,1,0,0,13.53,0.00
385,"Room 3",150,250,0,0,shared,0,8000,0,24000,0,partial,1,2,2017-12-20,2018-11-20,normal,yes,"Well furnished and spacious room with attached bathroom",701,"2017-12-20 20:52:44","2018-06-22 19:11:58",11,1,3,1,1,1,0,0,13.53,0.00
386,U1,151,200,0,0,single,0,15000,0,45000,0,available,1,1,2017-12-20,2018-11-20,normal,yes,0,0,"2017-12-21 13:10:41","2017-12-21 13:10:41",11,0,0,0,0,0,0,0,0.00,NULL
387,U2,151,215,0,0,single,0,15000,0,45000,0,available,1,1,2017-12-20,2018-11-20,normal,yes,0,0,"2017-12-21 13:10:41","2017-12-21 13:10:41",11,0,0,0,0,0,0,0,0.00,NULL
388,U3,151,160,0,0,single,0,10000,0,30000,0,available,1,1,2017-12-20,2018-11-20,normal,yes,0,0,"2017-12-21 13:10:41","2017-12-21 13:10:41",11,0,0,0,0,0,0,0,0.00,NULL
389,U4,151,160,0,0,single,0,10000,0,30000,0,available,1,1,2017-12-20,2018-11-20,normal,yes,0,0,"2017-12-21 13:10:41","2017-12-21 13:10:41",11,0,0,0,0,0,0,0,0.00,NULL
390,U5,151,230,0,0,single,0,15000,0,45000,0,available,1,1,2017-12-20,2018-11-20,normal,yes,0,0,"2017-12-21 13:10:41","2017-12-21 13:10:41",11,0,0,0,0,0,0,0,0.00,NULL
391,U6,151,180,0,0,single,0,13000,0,39000,0,available,1,1,2017-12-20,2018-11-20,normal,yes,0,0,"2017-12-21 13:10:41","2017-12-21 13:10:41",11,0,0,0,0,0,0,0,0.00,NULL
392,U7,151,180,0,0,single,0,13000,0,39000,0,available,1,1,2017-12-20,2018-11-20,normal,yes,0,0,"2017-12-21 13:10:41","2017-12-21 13:10:41",11,0,0,0,0,0,0,0,0.00,NULL
393,ROOM1,152,144,0,0,single,0,15000,750,45000,0,occupied,0,1,2017-12-21,2018-11-21,french,yes,,0,"2017-12-22 11:58:55","2018-01-18 20:54:11",6,1,3,1,1,1,1,0,0.00,NULL
394,ROOM2,152,153,0,0,single,0,14000,750,42000,0,occupied,0,1,2017-12-21,2018-11-21,french,yes,,0,"2017-12-22 11:58:55","2018-01-18 20:54:11",6,1,2,0,1,1,1,1,0.00,NULL
395,ROOM3,152,140,0,0,single,0,14000,750,42000,0,occupied,0,1,2017-12-21,2018-11-21,french,yes,,0,"2017-12-22 11:58:55","2018-02-19 11:53:42",6,1,2,3,1,1,1,0,0.00,NULL
396,G3,153,150,0,0,single,0,13000,0,39000,0,available,1,1,2017-12-21,2018-11-21,normal,yes,0,0,"2017-12-22 12:41:04","2017-12-22 12:41:04",11,0,0,0,0,0,0,0,0.00,NULL
397,G3-A,153,100,0,0,single,0,5000,0,15000,0,available,1,1,2017-12-21,2018-11-21,normal,yes,0,0,"2017-12-22 12:41:04","2017-12-22 12:41:04",11,0,0,0,0,0,0,0,0.00,NULL
398,G3-B,153,160,0,0,single,0,12000,0,36000,0,available,1,1,2017-12-21,2018-11-21,normal,yes,0,0,"2017-12-22 12:41:04","2017-12-22 12:41:04",11,0,0,0,0,0,0,0,0.00,NULL
399,G3-C,153,170,0,0,single,0,12000,0,36000,0,available,1,1,2017-12-21,2018-11-21,normal,yes,0,0,"2017-12-22 12:41:04","2017-12-22 12:41:04",11,0,0,0,0,0,0,0,0.00,NULL
400,"Room 1",154,200,0,0,shared,0,6000,0,12000,0,occupied,0,0,2018-01-03,2018-12-03,normal,yes,"Spacious room with attached bathroom",,"2018-01-03 16:02:37","2018-01-29 15:40:33",11,1,2,2,0,1,0,0,0.00,NULL
401,"Room 2",154,200,0,0,shared,0,5500,0,11000,0,occupied,0,2,2018-01-03,2018-12-03,normal,yes,"Spacious room with attached bathroom",,"2018-01-03 16:02:37","2018-01-29 15:40:33",11,1,0,0,0,0,0,0,0.00,NULL
402,"Room 3",154,200,0,0,shared,0,5500,0,11000,0,occupied,0,2,2018-01-03,2018-12-03,normal,yes,,1102,"2018-01-03 16:02:37","2018-01-29 15:40:34",11,1,2,2,0,1,0,0,0.00,NULL
403,"Room 1",157,150,0,0,shared,0,7500,0,22500,0,occupied,0,2,2018-01-17,2018-12-17,normal,yes,"Garden view from window",904,"2018-01-17 13:32:16","2018-04-02 13:07:54",11,2,2,1,1,1,0,0,0.00,NULL
404,"Room 2",157,250,0,0,shared,0,8000,0,24000,0,occupied,0,2,2018-01-17,2018-12-17,normal,yes,"Well furnished and spacious room with attached bathroom",904,"2018-01-17 13:32:16","2018-02-19 13:26:34",11,2,3,1,1,1,0,0,0.00,NULL
405,"Room 3",157,200,0,0,shared,0,8000,0,24000,0,occupied,0,2,2018-01-17,2018-12-17,normal,yes,"Well furnished and spacious room with attached bathroom",904,"2018-01-17 13:32:16","2018-04-02 13:07:55",11,1,2,1,2,1,0,0,0.00,NULL
406,"Room 1",158,245,0,0,shared,0,7500,0,15000,0,occupied,0,2,2018-01-18,2018-12-18,normal,yes,"Well furnished",,"2018-01-18 11:47:37","2018-04-02 15:18:18",11,0,0,0,0,0,0,0,0.00,NULL
407,"Room 2",158,245,0,,shared,0,16000,0,32000,0,occupied,0,2,2018-01-18,2019-01-18,normal,yes,"Well furnished room with A/C and attached bathroom",NULL,"2018-01-18 11:51:31","2018-04-02 15:18:18",11,NULL,NULL,NULL,NULL,NULL,NULL,NULL,0.00,NULL
408,Room1,159,130,0,0,single,0,16000,0,48000,0,occupied,0,1,2018-01-18,2018-12-18,french,yes,0,0,"2018-01-18 11:55:56","2018-02-19 11:56:03",11,0,0,0,0,0,0,0,0.00,NULL
409,Room2,159,140,0,0,single,0,16000,0,48000,0,occupied,0,1,2018-01-18,2018-12-18,french,yes,0,0,"2018-01-18 11:55:56","2018-02-19 11:56:04",11,0,0,0,0,0,0,0,0.00,NULL
410,Room1,160,140,0,0,shared,0,17000,0,51000,0,occupied,0,2,2018-01-18,2018-12-18,french,yes,0,0,"2018-01-18 18:19:49","2018-03-31 14:37:40",11,0,0,0,0,0,0,0,0.00,NULL
411,Room2,160,140,0,0,shared,0,17000,0,51000,0,occupied,0,2,2018-01-18,2018-12-18,french,yes,0,0,"2018-01-18 18:19:49","2018-03-31 14:37:40",11,0,0,0,0,0,0,0,0.00,NULL
412,Room3,160,140,0,0,shared,0,16000,0,48000,0,occupied,0,2,2018-01-18,2018-12-18,french,yes,0,0,"2018-01-18 18:19:49","2018-05-08 20:57:28",11,0,0,0,0,0,0,0,0.00,NULL
413,Room1,161,0,0,,single,0,12500,0,37500,0,occupied,0,1,2018-01-19,2019-01-19,normal,yes,0,NULL,"2018-01-19 16:39:00","2018-02-19 12:16:45",11,NULL,NULL,NULL,NULL,NULL,NULL,NULL,0.00,NULL
414,Room1,162,0,0,,single,0,12500,0,37500,0,occupied,0,1,2018-01-19,2019-01-19,french,yes,0,NULL,"2018-01-19 16:43:51","2018-02-19 12:21:48",11,NULL,NULL,NULL,NULL,NULL,NULL,NULL,0.00,NULL
415,Room1,163,0,0,,single,0,12500,0,37500,0,available,1,1,2018-01-19,2019-01-19,normal,yes,0,NULL,"2018-01-19 16:50:13","2018-01-19 16:50:13",11,NULL,NULL,NULL,NULL,NULL,NULL,NULL,0.00,NULL
416,Room1,164,0,0,,single,0,12000,0,36000,0,available,1,1,2018-01-19,2019-01-19,french,yes,0,NULL,"2018-01-19 16:51:53","2018-01-19 16:51:53",11,NULL,NULL,NULL,NULL,NULL,NULL,NULL,0.00,NULL
417,Room1,165,0,0,,single,0,12000,0,36000,0,available,1,1,2018-01-19,2019-01-19,normal,yes,0,NULL,"2018-01-19 16:53:17","2018-01-19 16:53:17",11,NULL,NULL,NULL,NULL,NULL,NULL,NULL,0.00,NULL
418,ROom1,166,0,0,,single,0,12000,0,36000,0,available,1,1,2018-01-19,2019-01-19,normal,yes,0,NULL,"2018-01-19 16:54:43","2018-01-19 16:54:43",11,NULL,NULL,NULL,NULL,NULL,NULL,NULL,0.00,NULL
419,Room1,167,0,0,,single,0,13000,0,39000,1000,available,1,1,2018-01-19,2019-01-19,normal,yes,0,NULL,"2018-01-19 17:22:04","2018-01-20 21:13:37",11,NULL,NULL,NULL,NULL,NULL,NULL,NULL,0.00,NULL
420,"Room 3",158,250,0,,single,0,16000,0,32000,0,occupied,0,2,2018-01-20,2019-01-20,normal,yes,"Spacious room with attached bathroom & Balcony",NULL,"2018-01-20 21:47:23","2018-04-02 15:18:18",11,NULL,NULL,NULL,NULL,NULL,NULL,NULL,0.00,NULL
421,Room1,168,0,0,,single,0,12000,0,36000,0,available,1,1,2018-01-22,2019-01-22,normal,yes,0,NULL,"2018-01-22 18:24:42","2018-01-22 18:24:42",11,NULL,NULL,NULL,NULL,NULL,NULL,NULL,0.00,NULL
422,Room1,170,0,0,,single,0,15000,0,45000,0,occupied,0,1,2018-01-22,2019-01-22,normal,yes,0,NULL,"2018-01-22 18:30:43","2018-02-19 12:17:51",11,NULL,NULL,NULL,NULL,NULL,NULL,NULL,0.00,NULL
423,Room1,171,0,0,,single,0,15000,0,45000,0,occupied,0,1,2018-01-22,2019-01-22,normal,yes,0,NULL,"2018-01-22 18:32:22","2018-02-19 12:19:04",11,NULL,NULL,NULL,NULL,NULL,NULL,NULL,0.00,NULL
424,"Room 1",172,245,0,0,shared,0,5000,0,15000,0,occupied,0,2,2018-01-22,2018-12-22,normal,yes,.,,"2018-01-22 18:51:20","2018-01-29 15:41:01",11,0,0,0,0,0,0,0,0.00,NULL
425,"Room 2",172,245,0,0,shared,0,5500,0,16500,0,occupied,0,2,2018-01-22,2018-12-22,normal,yes,,,"2018-01-22 18:51:20","2018-04-22 14:18:09",11,0,0,0,0,0,0,0,0.00,NULL
426,"Room 3",172,245,0,0,shared,0,5500,0,16500,0,occupied,0,2,2018-01-22,2018-12-22,normal,yes,.,0,"2018-01-22 18:51:20","2018-04-02 15:19:56",11,0,0,0,0,0,0,0,0.00,NULL
427,"Room 4",172,245,0,0,shared,0,5500,0,16500,0,occupied,0,2,2018-01-22,2018-12-22,normal,yes,.,.,"2018-01-22 18:51:20","2018-02-19 13:28:44",11,0,0,0,0,0,0,0,0.00,NULL
428,Room1,174,130,0,0,single,0,16000,0,48000,0,occupied,0,1,2018-01-24,2018-12-24,normal,yes,0,0,"2018-01-24 14:19:06","2018-03-13 11:13:15",11,0,0,0,0,0,0,0,0.00,NULL
429,Room2,174,120,0,0,single,0,15000,0,30000,0,occupied,0,1,2018-01-24,2018-12-24,normal,yes,0,0,"2018-01-24 14:19:06","2018-03-13 11:13:15",11,0,0,0,0,0,0,0,0.00,NULL
430,ROOM1,175,144,0,0,single,0,23000,750,69000,0,available,1,1,2018-01-08,2018-12-08,french,no,,0,"2018-01-29 10:37:57","2018-01-29 10:44:25",6,0,0,0,0,0,0,0,0.00,NULL
433,Room1,176,150,0,0,single,0,16000,0,48000,0,available,1,1,2018-01-30,2018-12-30,normal,yes,0,0,"2018-01-30 17:55:31","2018-01-30 17:55:31",11,0,0,0,0,0,0,0,0.00,NULL
434,Room2,176,140,0,0,single,0,16000,0,48000,0,available,1,1,2018-01-30,2018-12-30,normal,yes,0,0,"2018-01-30 17:55:31","2018-01-30 17:55:31",11,0,0,0,0,0,0,0,0.00,NULL
435,Room3,176,130,0,0,single,0,15000,0,45000,0,available,1,1,2018-01-30,2018-12-30,normal,yes,0,0,"2018-01-30 17:55:31","2018-01-30 17:55:31",11,0,0,0,0,0,0,0,0.00,NULL
436,ROOM1,177,165,0,0,single,0,14000,750,42000,0,occupied,0,1,2018-01-23,2018-12-23,normal,yes,,0,"2018-02-02 13:25:06","2018-04-18 13:05:21",6,1,2,1,0,1,0,1,0.00,NULL
437,ROOM2,177,132,0,0,single,0,14000,750,42000,0,occupied,0,1,2018-01-23,2018-12-23,normal,yes,,0,"2018-02-02 13:25:06","2018-04-18 13:05:22",6,1,2,1,0,1,0,0,0.00,NULL
438,ROOM3,177,120,0,0,single,0,13000,750,39000,0,occupied,0,1,2018-01-23,2018-12-23,normal,yes,,0,"2018-02-02 13:25:06","2018-04-18 13:05:22",6,1,2,1,0,1,0,0,0.00,NULL
440,Room1,178,120,0,0,single,0,14900,0,44700,0,occupied,0,1,2017-10-20,2018-09-20,normal,yes,0,0,"2018-02-05 14:22:28","2018-05-08 20:53:58",11,0,0,0,0,0,0,0,0.00,NULL
441,Room2,178,120,0,0,single,0,15900,0,47700,0,occupied,0,1,2017-10-20,2018-09-20,normal,yes,0,0,"2018-02-05 14:22:28","2018-05-08 20:53:58",11,0,0,0,0,0,0,0,0.00,NULL
442,Room3,178,120,0,0,single,0,16900,0,50700,0,occupied,0,1,2017-10-20,2018-09-20,normal,yes,0,0,"2018-02-05 14:22:28","2018-02-27 18:45:29",11,0,0,0,0,0,0,0,0.00,NULL
443,Room4,178,120,0,0,single,0,15900,0,47700,0,occupied,0,1,2017-10-20,2018-09-20,normal,yes,0,0,"2018-02-05 14:22:28","2018-05-08 20:53:58",11,0,0,0,0,0,0,0,0.00,NULL
444,"Room 1",179,200,0,0,single,0,6500,0,13000,0,occupied,0,2,2018-02-05,2019-01-05,normal,yes,"Spacious room with attached bathroom",908,"2018-02-06 11:19:58","2018-04-06 14:26:16",11,1,3,2,0,1,0,0,0.00,NULL
445,"Room 2",179,150,0,0,single,0,6000,0,12000,0,occupied,0,2,2018-02-05,2019-01-05,normal,yes,"Spacious room",908,"2018-02-06 11:19:58","2018-02-07 16:16:49",11,1,1,0,0,0,0,0,0.00,NULL
446,"Room 3",179,250,0,0,single,0,6500,0,13000,0,occupied,0,2,2018-02-05,2019-01-05,normal,yes,"Spacious room with attached bathroom",908,"2018-02-06 11:19:58","2018-02-07 16:16:49",11,2,4,2,0,1,0,0,0.00,NULL
447,ROOM1,180,140,0,0,single,0,15000,750,45000,0,occupied,0,1,2018-02-13,2019-01-13,french,yes,,0,"2018-02-13 17:20:11","2018-04-18 13:06:28",6,1,3,0,1,1,0,0,0.00,NULL
448,ROOM2,180,144,0,0,single,0,17000,750,51000,0,occupied,0,1,2018-02-13,2019-01-13,french,yes,,0,"2018-02-13 17:20:11","2018-04-18 13:06:28",6,1,3,0,1,1,0,0,0.00,NULL
449,ROOM3,180,240,0,0,single,0,18000,750,54000,0,occupied,0,1,2018-02-13,2019-01-13,french,yes,,0,"2018-02-13 17:20:11","2018-04-18 13:06:28",6,1,5,0,1,1,0,1,0.00,NULL
450,ROOM4,180,100,0,0,single,0,15000,750,45000,0,occupied,0,1,2018-02-13,2019-01-13,french,yes,,0,"2018-02-13 17:20:11","2018-04-18 13:06:28",6,2,3,0,1,1,0,0,0.00,NULL
455,Room1,182,150,0,0,shared,0,10000,0,30000,0,occupied,0,2,2018-02-21,2019-01-21,french,yes,0,0,"2018-02-21 17:52:37","2018-05-08 21:10:09",11,0,0,0,0,0,0,0,0.00,NULL
456,Room2,182,150,0,0,single,0,17000,0,51000,0,occupied,0,1,2018-02-21,2019-01-21,french,yes,0,0,"2018-02-21 17:52:37","2018-05-08 21:10:10",11,0,0,0,0,0,0,0,0.00,NULL
457,Room3,182,160,0,0,shared,0,10000,0,30000,0,partial,1,2,2018-02-21,2019-01-21,french,yes,0,0,"2018-02-21 17:52:37","2018-04-18 13:07:26",11,0,0,0,0,0,0,0,0.00,NULL
458,Room4,182,150,0,0,shared,0,10000,0,30000,0,partial,1,2,2018-02-21,2019-01-21,french,yes,0,0,"2018-02-21 17:52:37","2018-05-08 21:10:10",11,0,0,0,0,0,0,0,0.00,NULL
459,"Room 1",183,120,0,,single,0,10000,0,20000,0,occupied,0,2,2018-02-27,2019-02-27,normal,yes,.,NULL,"2018-02-27 14:00:57","2018-04-02 15:21:43",11,NULL,NULL,NULL,NULL,NULL,NULL,NULL,0.00,NULL
460,"Room 2",183,200,0,,single,0,11000,0,22000,0,occupied,0,2,2018-03-03,2019-03-03,normal,yes,NA,NULL,"2018-03-03 18:38:28","2018-04-02 15:21:43",11,NULL,NULL,NULL,NULL,NULL,NULL,NULL,0.00,NULL
461,"Room 3",183,250,0,,single,0,15000,0,30000,0,occupied,0,2,2018-03-03,2019-03-03,normal,yes,.,NULL,"2018-03-03 18:43:39","2018-04-02 15:21:43",11,NULL,NULL,NULL,NULL,NULL,NULL,NULL,0.00,NULL
462,"Room 2",185,245,0,0,single,0,15000,0,45000,0,occupied,0,1,2018-03-05,2019-02-05,normal,yes,.,0,"2018-03-05 15:49:23","2018-03-23 11:55:58",11,1,0,0,0,0,0,0,0.00,NULL
463,Room1,186,150,0,0,single,0,16500,0,49500,0,occupied,0,1,2018-03-05,2019-02-05,french,yes,0,0,"2018-03-05 16:56:56","2018-04-18 13:10:03",11,0,0,0,0,0,0,0,0.00,NULL
464,Room2,186,150,0,0,single,0,16500,0,49500,0,occupied,0,1,2018-03-05,2019-02-05,french,yes,0,0,"2018-03-05 16:56:56","2018-04-18 13:10:03",11,0,0,0,0,0,0,0,0.00,NULL
465,Room3,186,160,0,0,single,0,16500,0,49500,0,occupied,0,1,2018-03-05,2019-02-05,french,yes,0,0,"2018-03-05 16:56:56","2018-04-18 13:10:04",11,0,0,0,0,0,0,0,0.00,NULL
466,"Room 1",185,200,0,,shared,0,7500,0,15000,0,occupied,0,2,2018-03-05,2019-03-05,normal,yes,.,NULL,"2018-03-05 17:58:43","2018-03-23 11:55:59",11,NULL,NULL,NULL,NULL,NULL,NULL,NULL,0.00,NULL
467,Room1,187,130,0,0,single,0,13500,0,40500,0,occupied,0,1,2018-03-05,2019-02-05,normal,yes,0,0,"2018-03-07 11:41:15","2018-04-18 12:58:15",11,0,0,0,0,0,0,0,0.00,NULL
468,Room2,187,130,0,0,single,0,13500,0,40500,0,occupied,0,1,2018-03-05,2019-02-05,normal,yes,0,0,"2018-03-07 11:41:15","2018-05-08 20:55:53",11,0,0,0,0,0,0,0,0.00,NULL
469,Room3,187,120,0,0,single,0,11500,0,34500,0,occupied,0,1,2018-03-05,2019-02-05,normal,yes,0,0,"2018-03-07 11:41:15","2018-04-18 12:58:15",11,0,0,0,0,0,0,0,0.00,NULL
470,"Room 1",188,800,0,0,single,0,17000,0,34000,0,occupied,0,1,2018-03-13,2019-02-13,normal,no,.,2009,"2018-03-13 14:25:19","2018-03-23 11:55:02",11,2,3,2,0,1,0,0,0.00,NULL
471,"Room 1",189,200,0,0,shared,0,7000,0,14000,0,available,2,2,2018-03-13,2019-02-13,normal,yes,.,101,"2018-03-13 14:26:08","2018-05-22 17:37:29",11,1,3,0,0,0,0,0,0.00,0.00
472,"Room 2",189,250,0,0,shared,0,7500,0,15000,0,occupied,0,2,2018-03-13,2019-02-13,normal,yes,.,101,"2018-03-13 14:26:08","2018-05-22 17:37:30",11,1,3,2,0,1,0,0,0.00,0.00
473,"Room 3",189,250,0,0,shared,0,7500,0,15000,0,occupied,0,2,2018-03-13,2019-02-13,normal,yes,.,101,"2018-03-13 14:26:08","2018-05-22 17:37:30",11,1,3,2,0,1,0,1,0.00,0.00
475,"Room 1",191,676,0,0,single,0,16000,0,32000,0,occupied,0,3,2018-03-14,2019-02-14,normal,yes,.,304,"2018-03-15 08:27:05","2018-04-02 15:43:14",11,1,3,1,0,0,0,0,0.00,NULL
476,"Room 1",192,250,0,0,shared,0,7000,0,14000,0,occupied,0,2,2018-03-15,2019-02-15,normal,yes,"Spacious room with attached bathroom",1005,"2018-03-15 20:35:29","2018-04-02 15:27:02",11,2,10,1,2,0,0,0,0.00,NULL
477,"Room 2",192,150,0,0,shared,0,6500,0,13000,0,occupied,0,2,2018-03-15,2019-02-15,normal,yes,.,1005,"2018-03-15 20:35:29","2018-04-02 15:27:02",11,2,3,0,1,1,0,0,0.00,NULL
478,"Room 3",192,200,0,0,shared,0,6500,0,13000,0,occupied,0,2,2018-03-15,2019-02-15,normal,yes,"Spacious room with attached bathroom & Balcony",1005,"2018-03-15 20:35:29","2018-04-02 15:27:02",11,1,9,1,1,1,0,1,0.00,NULL
479,"Room 1",193,144,0,0,single,0,11500,0,34500,0,available,1,1,2018-03-16,2019-02-16,french,yes,0,0,"2018-03-16 13:07:32","2018-03-16 13:07:32",11,1,0,0,0,0,0,0,0.00,NULL
480,Room2,193,130,0,0,single,0,11500,0,34500,0,available,1,1,2018-03-16,2019-02-16,french,yes,0,0,"2018-03-16 13:07:32","2018-03-16 13:07:32",11,0,0,0,0,0,0,0,0.00,NULL
481,Room3,193,140,0,0,single,0,14000,0,42000,0,available,1,1,2018-03-16,2019-02-16,french,yes,0,0,"2018-03-16 13:07:32","2018-03-16 13:07:32",11,0,0,0,0,0,0,0,0.00,NULL
483,"Room 1",195,676,0,0,single,0,16000,0,32000,0,occupied,0,1,2018-03-23,2019-02-23,normal,yes,.,105,"2018-03-23 15:09:50","2018-03-23 16:13:20",11,1,2,1,0,1,0,0,0.00,NULL
484,"Room 1",200,200,0,0,shared,0,7000,0,14000,0,occupied,0,2,2018-03-26,2019-02-26,normal,yes,.,2108,"2018-03-26 17:42:08","2018-06-05 16:15:15",11,1,3,2,0,1,0,0,0.00,0.00
485,"Room 2",200,150,0,0,shared,0,6000,0,12000,0,occupied,0,2,2018-03-26,2019-02-26,normal,yes,.,2108,"2018-03-26 17:42:08","2018-06-05 16:15:15",11,1,3,1,0,1,0,0,0.00,0.00
486,"Room 3",200,150,0,0,shared,0,6500,0,13000,0,occupied,0,2,2018-03-26,2019-02-26,normal,yes,.,2108,"2018-03-26 17:42:08","2018-06-05 16:15:15",11,1,3,2,0,1,0,0,0.00,0.00
487,Room1,201,130,0,0,single,0,16000,0,48000,0,occupied,0,1,2018-03-29,2019-03-01,normal,yes,0,0,"2018-03-29 13:29:26","2018-05-08 21:11:15",11,0,0,0,0,0,0,0,0.00,NULL
488,Room2,201,140,0,0,single,0,17000,0,51000,0,occupied,0,1,2018-03-29,2019-03-01,normal,yes,0,0,"2018-03-29 13:29:26","2018-05-08 21:11:15",11,0,0,0,0,0,0,0,0.00,NULL
489,Room3,201,170,0,0,single,0,18000,0,54000,0,occupied,0,1,2018-03-29,2019-03-01,normal,yes,0,0,"2018-03-29 13:29:26","2018-05-08 21:11:15",11,0,0,0,0,0,0,0,0.00,NULL
490,Room1,202,160,0,0,single,0,18000,0,54000,0,available,1,1,2018-03-29,2019-03-01,french,yes,0,0,"2018-03-29 16:00:00","2018-03-29 16:00:00",11,0,0,0,0,0,0,0,0.00,NULL
491,Room2,202,150,0,0,single,0,17000,0,51000,0,available,1,1,2018-03-29,2019-03-01,french,yes,0,0,"2018-03-29 16:00:00","2018-03-29 16:00:00",11,0,0,0,0,0,0,0,0.00,NULL
492,Room3,202,180,0,0,shared,0,10000,0,30000,0,available,2,2,2018-03-29,2019-03-01,french,yes,0,0,"2018-03-29 16:00:00","2018-03-29 16:00:00",11,0,0,0,0,0,0,0,0.00,NULL
493,Room4,202,170,0,0,single,0,18000,0,54000,0,available,1,1,2018-03-29,2019-03-01,french,yes,0,0,"2018-03-29 16:00:00","2018-03-29 16:00:00",11,0,0,0,0,0,0,0,0.00,NULL
494,Room1,203,140,0,0,single,0,16000,0,48000,0,available,1,1,2018-03-30,2019-03-02,french,yes,0,0,"2018-03-30 11:13:08","2018-03-30 11:13:08",11,0,0,0,0,0,0,0,0.00,NULL
495,Room2,203,170,0,0,single,0,17000,0,51000,0,available,1,1,2018-03-30,2019-03-02,french,yes,0,0,"2018-03-30 11:13:08","2018-03-30 11:13:08",11,0,0,0,0,0,0,0,0.00,NULL
496,Room3,203,130,0,0,single,0,15000,0,45000,0,available,1,1,2018-03-30,2019-03-02,french,yes,0,0,"2018-03-30 11:13:08","2018-03-30 11:13:08",11,0,0,0,0,0,0,0,0.00,NULL
497,Room1,204,140,0,0,single,0,14500,0,43500,0,occupied,0,1,2018-03-28,2019-02-28,french,yes,0,0,"2018-03-30 16:56:35","2018-05-08 21:12:14",11,0,0,0,0,0,0,0,0.00,NULL
498,Room2,204,150,0,0,single,0,14500,0,43500,0,occupied,0,1,2018-03-28,2019-02-28,french,yes,0,0,"2018-03-30 16:56:35","2018-05-08 21:12:14",11,0,0,0,0,0,0,0,0.00,NULL
499,Room3,204,130,0,0,single,0,13000,0,36000,0,available,1,1,2018-03-28,2019-02-28,french,yes,0,0,"2018-03-30 16:56:35","2018-03-30 16:56:35",11,0,0,0,0,0,0,0,0.00,NULL
500,Room1,205,150,0,,single,0,14500,0,43500,0,available,1,1,2018-04-02,2019-04-02,french,yes,0,NULL,"2018-04-02 12:45:31","2018-04-02 12:45:31",11,NULL,NULL,NULL,NULL,NULL,NULL,NULL,0.00,NULL
501,Room1,206,150,0,0,single,0,14000,0,42000,0,available,1,1,2018-03-27,2019-02-27,french,yes,0,0,"2018-04-02 12:52:18","2018-04-02 12:52:18",11,0,0,0,0,0,0,0,0.00,NULL
502,Room2,206,150,0,0,shared,0,8000,0,24000,0,available,2,2,2018-03-27,2019-02-27,french,yes,0,0,"2018-04-02 12:52:18","2018-04-02 12:52:18",11,0,0,0,0,0,0,0,0.00,NULL
503,Room3,206,150,0,0,shared,0,8000,0,24000,0,available,2,2,2018-03-27,2019-02-27,french,yes,0,0,"2018-04-02 12:52:18","2018-04-02 12:52:18",11,0,0,0,0,0,0,0,0.00,NULL
504,Room4,206,130,0,0,single,0,12000,0,36000,0,available,1,1,2018-03-27,2019-02-27,french,yes,0,0,"2018-04-02 12:52:18","2018-04-02 12:52:18",11,0,0,0,0,0,0,0,0.00,NULL
505,"Room 1 ",207,220,0,0,shared,0,6000,0,12000,0,partial,1,2,2018-05-01,2019-04-01,normal,no,,401,"2018-04-04 17:23:26","2018-06-22 19:13:38",11,1,2,0,1,1,1,0,0.00,0.00
506,"Room 2",207,240,0,0,shared,0,7000,0,14000,0,occupied,0,2,2018-05-05,2019-04-05,normal,no,,401,"2018-04-04 17:23:26","2018-06-22 19:13:38",11,1,1,0,1,1,0,0,0.00,0.00
507,"Room 3",207,300,0,0,shared,0,7000,0,14000,0,available,2,2,2018-05-05,2019-04-05,normal,no,,,"2018-04-04 17:23:26","2018-06-22 19:13:38",11,1,2,1,1,1,0,1,0.00,0.00
508,"Room 1",208,150,0,,shared,0,6000,0,12000,0,occupied,0,2,2018-04-05,2019-04-05,normal,yes,"Spacious room with attached bathroom",NULL,"2018-04-05 17:14:42","2018-04-22 15:09:20",11,NULL,NULL,NULL,NULL,NULL,NULL,NULL,0.00,NULL
509,"Room 2",208,150,0,,shared,0,6000,0,12000,0,occupied,0,2,2018-04-05,2019-04-05,normal,yes,"Spacious room with attached bathroom",NULL,"2018-04-05 17:16:53","2018-04-23 18:25:20",11,NULL,NULL,NULL,NULL,NULL,NULL,NULL,0.00,NULL
510,"Room 3",208,150,0,,shared,0,5500,0,11000,0,occupied,0,2,2018-04-05,2019-04-05,normal,yes,"Spacious room with Shared bathroom",NULL,"2018-04-05 17:19:46","2018-04-23 18:00:14",11,NULL,NULL,NULL,NULL,NULL,NULL,NULL,0.00,NULL
512,"Room 1 ",211,1157,0,0,single,0,25000,0,75000,0,occupied,0,2,2018-04-06,2019-03-06,normal,no,00,00,"2018-04-06 13:01:13","2018-06-14 13:53:51",11,1,2,2,2,2,0,0,0.00,0.00
513,"Room 1",209,220,0,,single,0,7500,0,15000,0,partial,1,2,2018-04-09,2019-04-08,normal,yes,00,NULL,"2018-04-09 14:31:21","2018-05-05 13:52:50",11,NULL,NULL,NULL,NULL,NULL,NULL,NULL,0.00,NULL
514,"ROOM 2",209,210,0,,single,0,7500,0,15000,0,occupied,0,2,2018-04-09,2019-04-08,normal,yes,00,NULL,"2018-04-09 14:36:38","2018-04-22 23:42:40",11,NULL,NULL,NULL,NULL,NULL,NULL,NULL,0.00,NULL
515,"Room 3 ",209,200,0,,single,0,6500,0,13000,0,partial,1,2,2018-04-09,2019-09-08,normal,yes,00,NULL,"2018-04-09 14:52:22","2018-05-05 13:56:31",11,NULL,NULL,NULL,NULL,NULL,NULL,NULL,0.00,NULL
516,"Room 1",212,150,0,0,shared,0,5000,0,10000,0,partial,1,2,2018-04-15,2019-03-15,normal,yes,00,00,"2018-04-10 14:04:35","2018-05-05 13:54:52",11,1,2,1,1,1,0,0,0.00,NULL
517,"Room 2",212,130,0,0,shared,0,5500,0,11000,0,occupied,0,2,2018-04-15,2019-03-15,normal,yes,00,00,"2018-04-10 14:04:35","2018-05-08 21:20:26",11,1,1,1,1,1,0,0,0.00,NULL
518,"Room 1",213,130,0,0,shared,0,7500,0,15000,0,partial,1,2,2018-04-15,2019-03-15,normal,yes,00,00,"2018-04-10 14:41:29","2018-05-22 17:40:05",11,1,1,1,1,1,0,0,14.00,0.00
519,"Room 2",213,120,0,0,shared,0,7500,0,15000,0,available,15,2,2018-04-15,2019-03-15,normal,yes,00,00,"2018-04-10 14:41:29","2018-05-25 13:02:22",11,1,1,1,1,1,0,0,14.00,0.00
520,Room1,214,130,0,0,shared,0,7000,0,21000,0,available,2,2,2018-04-20,2019-03-20,french,yes,0,0,"2018-04-20 13:36:47","2018-04-20 13:36:47",11,0,0,0,0,0,0,0,0.00,NULL
521,Room2,214,140,0,0,shared,0,7000,0,21000,0,available,2,2,2018-04-20,2019-03-20,french,yes,0,0,"2018-04-20 13:36:47","2018-04-20 13:36:47",11,0,0,0,0,0,0,0,0.00,NULL
522,Room1,215,130,0,0,single,0,15000,0,45000,0,available,1,1,2018-04-23,2019-03-23,french,yes,0,0,"2018-04-23 14:10:53","2018-04-23 14:10:53",11,0,0,0,0,0,0,0,0.00,NULL
523,Room2,215,140,0,0,single,0,13000,0,39000,0,available,1,1,2018-04-23,2019-03-23,french,yes,0,0,"2018-04-23 14:10:53","2018-04-23 14:10:53",11,0,0,0,0,0,0,0,0.00,NULL
524,Room3,215,120,0,0,single,0,12000,0,36000,0,available,1,1,2018-04-23,2019-03-23,french,yes,0,0,"2018-04-23 14:10:53","2018-04-23 14:10:53",11,0,0,0,0,0,0,0,0.00,NULL
525,"Room 1",217,200,0,0,shared,0,6500,0,13000,0,available,2,2,2018-05-01,2019-04-01,normal,yes,.,0,"2018-04-28 14:09:11","2018-04-28 14:09:11",11,1,1,1,1,1,0,0,0.00,NULL
526,"Room 2",217,200,0,0,shared,0,6500,0,13000,0,available,2,2,2018-05-01,2019-04-01,normal,yes,.,0,"2018-04-28 14:09:11","2018-04-28 14:09:11",11,1,1,1,1,1,0,0,0.00,NULL
527,"Room 3",217,175,0,0,shared,0,6000,0,12000,0,available,2,2,2018-05-01,2019-04-01,normal,yes,.,0,"2018-04-28 14:09:11","2018-04-28 14:09:11",11,1,1,1,0,1,0,0,0.00,NULL
528,Room1,218,150,0,0,single,0,16000,0,48000,0,available,1,1,2018-04-25,2019-03-25,normal,yes,0,0,"2018-05-02 11:09:12","2018-12-18 10:45:00",11,0,0,0,0,0,0,0,0.00,0.00
529,Room2,218,100,0,0,single,0,14000,0,42000,0,available,1,1,2018-04-25,2019-03-25,normal,yes,0,0,"2018-05-02 11:09:12","2018-12-18 10:45:00",11,0,0,0,0,0,0,0,0.00,0.00
530,"Room 3",218,170,0,0,shared,0,8000,0,24000,0,available,2,2,2018-04-25,2019-03-25,normal,yes,0,0,"2018-05-02 11:09:12","2018-12-18 10:45:00",11,0,0,0,0,0,0,0,0.00,0.00
531,"Room 1",270,350,0,0,single,0,10000,0,30000,0,available,1,1,2019-06-01,2020-05-01,normal,yes,.,0,"2019-05-20 19:00:49","2019-05-20 19:21:13",11,1,1,2,2,2,2,1,0.00,0.00
532,"Room 2",270,350,0,0,single,0,10000,0,30000,0,available,1,1,2019-06-01,2020-05-01,normal,yes,.,0,"2019-05-20 19:00:49","2019-05-20 19:21:13",11,1,1,2,2,2,2,1,0.00,0.00
533,"Room 3",270,350,0,0,single,0,10000,0,30000,0,available,1,1,2019-06-01,2020-05-01,normal,yes,.,0,"2019-05-20 19:00:49","2019-05-20 19:21:13",11,1,1,2,2,2,2,1,0.00,0.00
534,"Room 4",270,350,0,0,single,0,10000,0,30000,0,available,1,1,2019-06-01,2020-05-01,normal,yes,.,0,"2019-05-20 19:00:49","2019-05-20 19:21:13",11,1,1,2,2,2,2,1,0.00,0.00
535,"Room 5",270,350,0,0,single,0,10000,0,30000,0,available,1,1,2019-06-01,2020-05-01,normal,yes,.,0,"2019-05-20 19:00:49","2019-05-20 19:21:13",11,1,1,2,2,2,2,1,0.00,0.00
536,"Room 6",270,350,0,0,single,0,10000,0,30000,0,available,1,1,2019-06-01,2020-05-01,normal,yes,.,0,"2019-05-20 19:00:49","2019-05-20 19:21:13",11,1,1,2,2,2,2,1,0.00,0.00
537,"Room 7",270,350,0,0,single,0,10000,0,30000,0,available,1,1,2019-06-01,2020-05-01,normal,yes,.,0,"2019-05-20 19:00:49","2019-05-20 19:21:13",11,1,1,2,2,2,2,1,0.00,0.00
538,"Room 8",270,350,0,0,single,0,10000,0,30000,0,available,1,1,2019-06-01,2020-05-01,normal,yes,.,0,"2019-05-20 19:00:49","2019-05-20 19:21:13",11,1,1,2,2,2,2,1,0.00,0.00
539,"Room 1",271,350,0,0,single,0,10000,0,30000,0,available,1,1,2019-06-01,2020-05-01,normal,yes,.,0,"2019-05-20 19:00:49","2019-05-20 19:21:13",11,1,1,2,2,2,2,1,0.00,0.00
540,"Room 2",271,350,0,0,single,0,10000,0,30000,0,available,1,1,2019-06-01,2020-05-01,normal,yes,.,0,"2019-05-20 19:00:49","2019-05-20 19:21:13",11,1,1,2,2,2,2,1,0.00,0.00
541,"Room 3",271,350,0,0,single,0,10000,0,30000,0,available,1,1,2019-06-01,2020-05-01,normal,yes,.,0,"2019-05-20 19:00:49","2019-05-20 19:21:13",11,1,1,2,2,2,2,1,0.00,0.00
542,"Room 4",271,350,0,0,single,0,10000,0,30000,0,available,1,1,2019-06-01,2020-05-01,normal,yes,.,0,"2019-05-20 19:00:49","2019-05-20 19:21:13",11,1,1,2,2,2,2,1,0.00,0.00
543,"Room 5",271,350,0,0,single,0,10000,0,30000,0,available,1,1,2019-06-01,2020-05-01,normal,yes,.,0,"2019-05-20 19:00:49","2019-05-20 19:21:13",11,1,1,2,2,2,2,1,0.00,0.00
544,"Room 6",271,350,0,0,single,0,10000,0,30000,0,available,1,1,2019-06-01,2020-05-01,normal,yes,.,0,"2019-05-20 19:00:49","2019-05-20 19:21:13",11,1,1,2,2,2,2,1,0.00,0.00
545,"Room 7",271,350,0,0,single,0,10000,0,30000,0,available,1,1,2019-06-01,2020-05-01,normal,yes,.,0,"2019-05-20 19:00:49","2019-05-20 19:21:13",11,1,1,2,2,2,2,1,0.00,0.00
546,"Room 8",271,350,0,0,single,0,10000,0,30000,0,available,1,1,2019-06-01,2020-05-01,normal,yes,.,0,"2019-05-20 19:00:49","2019-05-20 19:21:13",11,1,1,2,2,2,2,1,0.00,0.00
547,"Room 1",272,350,0,0,single,0,10000,0,30000,0,available,1,1,2019-06-01,2020-05-01,normal,yes,.,0,"2019-05-20 19:00:49","2019-05-20 19:21:13",11,1,1,2,2,2,2,1,0.00,0.00
548,"Room 2",272,350,0,0,single,0,10000,0,30000,0,available,1,1,2019-06-01,2020-05-01,normal,yes,.,0,"2019-05-20 19:00:49","2019-05-20 19:21:13",11,1,1,2,2,2,2,1,0.00,0.00
549,"Room 3",272,350,0,0,single,0,10000,0,30000,0,available,1,1,2019-06-01,2020-05-01,normal,yes,.,0,"2019-05-20 19:00:49","2019-05-20 19:21:13",11,1,1,2,2,2,2,1,0.00,0.00
550,"Room 4",272,350,0,0,single,0,10000,0,30000,0,available,1,1,2019-06-01,2020-05-01,normal,yes,.,0,"2019-05-20 19:00:49","2019-05-20 19:21:13",11,1,1,2,2,2,2,1,0.00,0.00
551,"Room 5",272,350,0,0,single,0,10000,0,30000,0,available,1,1,2019-06-01,2020-05-01,normal,yes,.,0,"2019-05-20 19:00:49","2019-05-20 19:21:13",11,1,1,2,2,2,2,1,0.00,0.00
552,"Room 6",272,350,0,0,single,0,10000,0,30000,0,available,1,1,2019-06-01,2020-05-01,normal,yes,.,0,"2019-05-20 19:00:49","2019-05-20 19:21:13",11,1,1,2,2,2,2,1,0.00,0.00
553,"Room 7",2723,350,0,0,single,0,10000,0,30000,0,available,1,1,2019-06-01,2020-05-01,normal,yes,.,0,"2019-05-20 19:00:49","2019-05-20 19:21:13",11,1,1,2,2,2,2,1,0.00,0.00
554,"Room 7",272,350,0,0,single,0,10000,0,30000,0,available,1,1,2019-06-01,2020-05-01,normal,yes,.,0,"2019-05-20 19:00:49","2019-05-20 19:21:13",11,1,1,2,2,2,2,1,0.00,0.00
555,"Room 8",272,350,0,0,single,0,10000,0,30000,0,available,1,1,2019-06-01,2020-05-01,normal,yes,.,0,"2019-05-20 19:00:49","2019-05-20 19:21:13",11,1,1,2,2,2,2,1,0.00,0.00
556,"Room 1",273,350,0,0,shared,0,5000,0,15000,0,available,2,2,2019-06-01,2020-05-01,normal,yes,.,0,"2019-05-20 19:00:49","2019-05-20 19:21:13",11,1,1,2,2,2,2,1,0.00,0.00
557,"Room 2",273,350,0,0,shared,0,5000,0,15000,0,available,2,2,2019-06-01,2020-05-01,normal,yes,.,0,"2019-05-20 19:00:49","2019-05-20 19:21:13",11,1,1,2,2,2,2,1,0.00,0.00
558,"Room 3",273,350,0,0,shared,0,5000,0,15000,0,available,2,2,2019-06-01,2020-05-01,normal,yes,.,0,"2019-05-20 19:00:49","2019-05-20 19:21:13",11,1,1,2,2,2,2,1,0.00,0.00
559,"Room 4",273,350,0,0,shared,0,5000,0,15000,0,available,2,2,2019-06-01,2020-05-01,normal,yes,.,0,"2019-05-20 19:00:49","2019-05-20 19:21:13",11,1,1,2,2,2,2,1,0.00,0.00
560,"Room 5",273,350,0,0,shared,0,5000,0,15000,0,available,2,2,2019-06-01,2020-05-01,normal,yes,.,0,"2019-05-20 19:00:49","2019-05-20 19:21:13",11,1,1,2,2,2,2,1,0.00,0.00
561,"Room 6",273,350,0,0,shared,0,5000,0,15000,0,available,2,2,2019-06-01,2020-05-01,normal,yes,.,0,"2019-05-20 19:00:49","2019-05-20 19:21:13",11,1,1,2,2,2,2,1,0.00,0.00
562,"Room 7",273,350,0,0,shared,0,5000,0,15000,0,available,2,2,2019-06-01,2020-05-01,normal,yes,.,0,"2019-05-20 19:00:49","2019-05-20 19:21:13",11,1,1,2,2,2,2,1,0.00,0.00
563,"Room 8",273,350,0,0,shared,0,5000,0,15000,0,available,2,2,2019-06-01,2020-05-01,normal,yes,.,0,"2019-05-20 19:00:49","2019-05-20 19:21:13",11,1,1,2,2,2,2,1,0.00,0.00
564,"Room 1",274,350,0,0,single,0,10000,0,30000,0,available,1,1,2019-06-01,2020-05-01,normal,yes,.,0,"2019-05-20 19:00:49","2019-05-20 19:21:13",11,1,1,2,2,2,2,1,0.00,0.00
565,"Room 2",274,350,0,0,single,0,10000,0,30000,0,available,1,1,2019-06-01,2020-05-01,normal,yes,.,0,"2019-05-20 19:00:49","2019-05-20 19:21:13",11,1,1,2,2,2,2,1,0.00,0.00
566,"Room 3",274,350,0,0,single,0,10000,0,30000,0,available,1,1,2019-06-01,2020-05-01,normal,yes,.,0,"2019-05-20 19:00:49","2019-05-20 19:21:13",11,1,1,2,2,2,2,1,0.00,0.00
567,"Room 4",274,350,0,0,single,0,5000,0,15000,0,available,1,1,2019-06-01,2020-05-01,normal,yes,.,0,"2019-05-20 19:00:49","2019-05-20 19:21:13",11,1,1,2,2,2,2,1,0.00,0.00
568,"Room 5",274,350,0,0,single,0,10000,0,30000,0,available,1,1,2019-06-01,2020-05-01,normal,yes,.,0,"2019-05-20 19:00:49","2019-05-20 19:21:13",11,1,1,2,2,2,2,1,0.00,0.00
569,"Room 6",274,350,0,0,shared,0,5000,0,15000,0,available,2,2,2019-06-01,2020-05-01,normal,yes,.,0,"2019-05-20 19:00:49","2019-05-20 19:21:13",11,1,1,2,2,2,2,1,0.00,0.00
570,"Room 7",274,350,0,0,shared,0,5000,0,15000,0,available,2,2,2019-06-01,2020-05-01,normal,yes,.,0,"2019-05-20 19:00:49","2019-05-20 19:21:13",11,1,1,2,2,2,2,1,0.00,0.00
571,"Room 8",274,350,0,0,shared,0,5000,0,15000,0,available,2,2,2019-06-01,2020-05-01,normal,yes,.,0,"2019-05-20 19:00:49","2019-05-20 19:21:13",11,1,1,2,2,2,2,1,0.00,0.00
572,"Room 1",275,350,0,0,single,0,10000,0,30000,0,available,1,1,2019-06-01,2020-05-01,normal,yes,.,0,"2019-05-20 19:00:49","2019-05-20 19:21:13",11,1,1,2,2,2,2,1,0.00,0.00
573,"Room 2",275,350,0,0,single,0,10000,0,30000,0,available,1,1,2019-06-01,2020-05-01,normal,yes,.,0,"2019-05-20 19:00:49","2019-05-20 19:21:13",11,1,1,2,2,2,2,1,0.00,0.00
574,"Room 3",275,350,0,0,single,0,10000,0,30000,0,available,1,1,2019-06-01,2020-05-01,normal,yes,.,0,"2019-05-20 19:00:49","2019-05-20 19:21:13",11,1,1,2,2,2,2,1,0.00,0.00
575,"Room 4",275,350,0,0,single,0,10000,0,30000,0,available,1,1,2019-06-01,2020-05-01,normal,yes,.,0,"2019-05-20 19:00:49","2019-05-20 19:21:13",11,1,1,2,2,2,2,1,0.00,0.00
576,"Room 5",275,350,0,0,single,0,10000,0,30000,0,available,1,1,2019-06-01,2020-05-01,normal,yes,.,0,"2019-05-20 19:00:49","2019-05-20 19:21:13",11,1,1,2,2,2,2,1,0.00,0.00
577,"Room 6",275,350,0,0,single,0,10000,0,30000,0,available,1,1,2019-06-01,2020-05-01,normal,yes,.,0,"2019-05-20 19:00:49","2019-05-20 19:21:13",11,1,1,2,2,2,2,1,0.00,0.00
578,"Room 1",276,350,0,,single,0,10000,0,30000,0,available,1,1,2019-06-01,2020-05-01,normal,yes,.,NULL,"2019-06-20 15:32:57","2019-06-20 15:32:57",11,NULL,NULL,NULL,NULL,NULL,NULL,NULL,0.00,0.00
579,"Room 2",276,350,0,,single,0,10000,0,30000,0,available,1,1,2019-06-01,2020-05-01,normal,yes,.,NULL,"2019-06-20 15:32:57","2019-06-20 15:32:57",11,NULL,NULL,NULL,NULL,NULL,NULL,NULL,0.00,0.00
580,"Room 3",276,350,0,,single,0,10000,0,30000,0,available,1,1,2019-06-01,2020-05-01,normal,yes,.,NULL,"2019-06-20 15:32:58","2019-06-20 15:32:58",11,NULL,NULL,NULL,NULL,NULL,NULL,NULL,0.00,0.00
581,"Room 4",276,350,0,,single,0,10000,0,30000,0,available,1,1,2019-06-01,2020-05-01,normal,yes,.,NULL,"2019-06-20 15:32:58","2019-06-20 15:32:58",11,NULL,NULL,NULL,NULL,NULL,NULL,NULL,0.00,0.00
582,"Room 5",276,350,0,,single,0,10000,0,30000,0,available,1,1,2019-06-01,2020-05-01,normal,yes,.,NULL,"2019-06-20 15:32:58","2019-06-20 15:32:58",11,NULL,NULL,NULL,NULL,NULL,NULL,NULL,0.00,0.00
583,"Room 6",276,350,0,,single,0,10000,0,30000,0,available,1,1,2019-06-01,2020-05-01,normal,yes,.,NULL,"2019-06-20 15:32:58","2019-06-20 15:32:58",11,NULL,NULL,NULL,NULL,NULL,NULL,NULL,0.00,0.00
584,"Room 7",276,350,0,,single,0,10000,0,30000,0,available,1,1,2019-06-01,2020-05-01,normal,yes,.,NULL,"2019-06-20 15:32:58","2019-06-20 15:32:58",11,NULL,NULL,NULL,NULL,NULL,NULL,NULL,0.00,0.00
585,"Room 8",276,350,0,,single,0,10000,0,30000,0,available,1,1,2019-06-01,2020-05-01,normal,yes,.,NULL,"2019-06-20 15:32:58","2019-06-20 15:32:58",11,NULL,NULL,NULL,NULL,NULL,NULL,NULL,0.00,0.00
